Almacenes,Puntos de Entrega,Trayectoria
Logan,315 Nobel Crossing,449
Artisan,37426 Hayes Parkway,666
Carey,4 Forest Run Drive,427
Dunning,25 Bluestem Junction,966
Dapin,055 Pepper Wood Trail,911
Beilfuss,7 Ramsey Alley,697
Prairie Rose,41445 Gateway Center,670
Oneill,74 Heffernan Park,777
Tennyson,5 Maywood Court,555
Oneill,256 Carpenter Terrace,234
Gateway,28 Corry Road,52
Mariners Cove,88 Beilfuss Avenue,984
Onsgard,046 Oneill Pass,288
Longview,08911 Stuart Street,159
Tennyson,201 Warrior Court,500
Rusk,1582 Fieldstone Junction,812
Cardinal,91 Golf Way,505
Logan,15984 Charing Cross Way,313
Wayridge,5973 Comanche Court,602
Cardinal,0977 Service Terrace,460
Lakewood,356 Packers Circle,858
Dunning,7 Esker Plaza,56
Larry,2556 Lukken Road,509
Tennyson,69 Dawn Parkway,316
Susan,7 Nelson Pass,764
Oneill,0 Lindbergh Plaza,252
Cordelia,641 Anderson Drive,459
Prairie Rose,92420 Katie Trail,169
Elka,33560 Londonderry Point,988
Mariners Cove,395 Lerdahl Avenue,312
Prairie Rose,0617 Comanche Drive,405
Dexter,783 Namekagon Trail,146
Schiller,095 Sommers Terrace,105
Tennyson,9 Rieder Junction,728
Artisan,6 Carioca Avenue,631
Mariners Cove,4 Wayridge Terrace,954
Beilfuss,00851 Calypso Street,713
Buena Vista,48 Green Road,524
Darwin,355 Fulton Pass,816
Tennyson,247 Russell Trail,374
Debs,49625 Porter Plaza,284
7th,9 Tennessee Junction,866
Clove,443 Clemons Plaza,520
Cordelia,0 Butternut Way,953
Elka,558 Holmberg Pass,460
Darwin,01 Jackson Place,634
Clove,5 Delladonna Drive,536
Fremont,56 Corry Circle,728
Crowley,9258 Westerfield Trail,879
Mariners Cove,5449 Porter Alley,436
Prairie Rose,448 Hagan Plaza,350
Ridgeway,95364 Vernon Road,866
Wayridge,2876 Golden Leaf Crossing,420
Arizona,4 Esker Drive,653
Elka,1860 Maple Wood Circle,381
Rusk,5 Canary Court,334
Artisan,61969 Hovde Drive,828
Fremont,81630 Dunning Court,626
Dapin,09 Paget Parkway,931
Larry,0 Superior Place,581
Buena Vista,08850 Annamark Plaza,581
Coleman,80517 Melrose Point,186
Clove,29908 Continental Road,149
Elka,93 Beilfuss Drive,659
Northport,07603 Monterey Parkway,567
Lotheville,0162 Monterey Plaza,891
Arizona,1762 Towne Road,207
Logan,78 West Avenue,189
Basil,3 Dunning Avenue,670
Darwin,37346 Warrior Center,615
Holmberg,3512 Aberg Alley,146
Independence,2 Harper Center,553
Rusk,46318 Carey Plaza,854
Beilfuss,6428 Dakota Plaza,122
Beilfuss,926 Raven Plaza,541
Elka,8 Sunbrook Place,594
Graceland,3949 Anniversary Center,496
Coleman,6786 Manley Place,705
Ridgeway,7 Briar Crest Terrace,896
Gateway,15 Golf Course Parkway,99
Graceland,847 Anthes Parkway,279
Dwight,704 Columbus Pass,114
Logan,085 Clemons Way,992
Lotheville,24 Twin Pines Park,119
Declaration,55 Mallory Street,421
7th,3 5th Avenue,367
Elka,373 Dryden Hill,631
Schiller,63189 Packers Way,773
Cardinal,81 Tennyson Court,366
Crowley,0316 Graceland Way,72
Crowley,838 Grover Center,433
Dunning,5046 Dunning Trail,835
Onsgard,0 Vermont Avenue,63
Onsgard,20 Dapin Court,970
Buena Vista,85981 Scott Circle,808
Gateway,95063 Northridge Alley,58
Graceland,63553 Rieder Circle,783
Onsgard,9 Boyd Crossing,588
7th,0 Manley Pass,489
Dunning,2443 Nova Terrace,594
Tennyson,03 Golf Course Crossing,201
Coleman,966 Upham Lane,306
Dexter,70 Paget Plaza,693
Holmberg,9229 Buhler Road,835
Riverside,048 Russell Alley,691
Rusk,18 Mariners Cove Alley,593
Basil,0 Lukken Alley,404
Clove,77560 Tennessee Avenue,163
7th,6 Blaine Court,753
2nd,9014 Brickson Park Point,533
Elka,5237 Haas Alley,321
Rusk,42 Bunting Street,877
Larry,43106 Sundown Lane,647
Monterey,7666 Sunfield Plaza,492
7th,3 Melby Terrace,849
Gateway,355 Scott Trail,971
Monterey,484 Surrey Street,259
Tennyson,9167 6th Junction,124
Logan,63903 Atwood Lane,932
Lotheville,0 Pepper Wood Center,370
Dexter,2 Glacier Hill Way,636
Lakewood,3327 Gina Drive,214
Gateway,93 Hovde Terrace,705
Susan,785 Kennedy Circle,535
Dwight,7221 Commercial Road,696
Debs,45 Dakota Hill,954
Artisan,47 Kings Park,810
Fremont,99005 Mallory Trail,871
Fremont,69341 Meadow Valley Lane,529
Riverside,6 Glacier Hill Alley,147
Lakewood,1 Hayes Hill,524
Schiller,2324 Pearson Lane,510
Elka,6 Cordelia Road,695
Monterey,27033 Hoffman Point,156
Red Cloud,8984 Grasskamp Place,817
2nd,69934 Meadow Ridge Place,802
7th,224 Bashford Circle,938
Fremont,17855 Bunting Court,833
Loeprich,367 Oak Valley Court,939
Elka,88 Corry Pass,692
Dunning,84 Blaine Road,491
Coleman,677 Dakota Point,241
Lotheville,16998 Roth Crossing,903
Mariners Cove,97 Burrows Circle,379
2nd,5242 Sommers Street,763
Dunning,79 Portage Plaza,361
Logan,43866 Reindahl Pass,732
Dexter,15462 Gateway Park,101
Blackbird,923 Nevada Park,242
Onsgard,5 2nd Plaza,926
Prairie Rose,385 Pond Center,473
Blackbird,7812 Forest Dale Alley,615
Crowley,4054 Independence Plaza,343
Monterey,288 Pepper Wood Hill,56
2nd,27265 Manufacturers Road,405
Tennyson,06460 Vermont Center,809
Artisan,1870 Porter Hill,307
Artisan,370 Westport Park,953
Lakewood,53 Debra Pass,523
Larry,59 Prentice Point,265
Buena Vista,2736 Morrow Pass,332
Rusk,06 Kedzie Pass,773
Tennyson,09805 Sunbrook Circle,276
Gateway,508 Vernon Junction,941
Artisan,542 Merchant Way,830
Dapin,82 Stoughton Circle,427
Declaration,885 Thackeray Center,931
Longview,026 Hintze Parkway,546
Carey,9 Warner Parkway,920
Ridgeway,8 Bluestem Terrace,877
Dexter,57 Schmedeman Crossing,367
Artisan,28 Montana Drive,554
Dexter,8 Nevada Avenue,148
Buena Vista,979 Londonderry Center,108
Clove,793 Miller Center,801
Arizona,40 Hanson Road,118
Elka,5 Cardinal Drive,562
Tennyson,00 Judy Circle,548
Gateway,82 Service Pass,143
Lakewood,205 Oak Valley Pass,653
Carey,793 Lyons Crossing,346
Graceland,127 Dorton Point,69
Independence,7334 Vermont Avenue,483
Larry,4468 Eastlawn Center,136
Monterey,6 Pond Junction,260
Susan,0556 Ronald Regan Way,198
Graceland,44 Kensington Plaza,152
7th,9 Holy Cross Point,510
Elka,48 Cambridge Crossing,909
2nd,9097 Independence Point,346
Ridgeway,3621 Ridgeway Drive,317
Ridgeway,0521 Shelley Alley,423
Wayridge,25 Kedzie Way,678
Wayridge,323 Elmside Circle,979
Buena Vista,3814 Eastlawn Terrace,268
Declaration,880 Lyons Court,622
Tennyson,6401 Calypso Center,682
7th,885 Old Gate Place,744
Logan,82188 Duke Lane,917
Gateway,2842 Westridge Trail,406
7th,54056 Clyde Gallagher Trail,506
Dunning,58987 Northwestern Road,387
Logan,3237 New Castle Trail,889
Debs,908 Corry Point,808
Independence,498 Vermont Street,994
Lakewood,2 Blue Bill Park Crossing,57
Larry,51254 Bunting Alley,511
Tennyson,647 Twin Pines Center,610
Lotheville,134 Mendota Center,942
Wayridge,6 Buell Lane,932
Graceland,13 Weeping Birch Trail,361
Onsgard,55868 Porter Way,301
Susan,28847 Pearson Terrace,173
Artisan,6688 Eagan Crossing,908
Ridgeway,16 Bashford Trail,337
Ridgeway,378 Mesta Alley,739
Cordelia,787 Bultman Court,474
Fremont,7289 Scoville Street,625
Clove,0 Marquette Hill,210
Elka,32 Glacier Hill Avenue,263
Logan,0244 Waubesa Trail,386
Coleman,8 5th Hill,957
Gateway,36 Lotheville Park,774
Cordelia,190 Trailsway Avenue,138
Dwight,309 Haas Street,508
Cardinal,7 Maywood Pass,850
Lakewood,90963 Main Street,511
Tennyson,875 Sunnyside Junction,843
Graceland,18 Novick Junction,376
Declaration,4712 Park Meadow Parkway,945
Red Cloud,81 Cody Trail,629
Tennyson,928 Fisk Point,943
Lotheville,9 Hanover Street,800
Lakewood,8 Thompson Alley,841
Arizona,9 Lotheville Lane,308
Coleman,56 Blackbird Lane,336
Gateway,277 Lillian Parkway,268
Crowley,2 Farwell Avenue,329
Elka,49 Melrose Pass,810
Dunning,75916 Holmberg Pass,213
Buena Vista,026 Haas Road,951
Beilfuss,8157 Drewry Drive,554
Dwight,9509 Browning Street,156
Dwight,9 Springs Pass,458
Dunning,5129 Rigney Avenue,90
Graceland,30 Gateway Circle,989
Arizona,05 Buhler Way,553
Schiller,24 Crest Line Crossing,368
Carey,495 Homewood Pass,727
Schiller,2388 Basil Hill,637
Northport,8 Rieder Terrace,303
Lotheville,9708 Brown Street,90
Crowley,5 Hoffman Parkway,594
Fremont,8528 Melody Avenue,718
Loeprich,41760 American Ash Drive,275
Oneill,7909 Manitowish Point,913
Riverside,7 Corscot Place,711
Basil,5452 Lindbergh Way,846
Dexter,0 Sutherland Drive,618
Onsgard,896 Marquette Alley,992
Oneill,369 Del Mar Lane,866
Elka,596 Fieldstone Plaza,273
Cardinal,739 Oak Avenue,632
Dwight,67 Grim Terrace,300
Beilfuss,54 Bultman Parkway,323
Artisan,86 Farwell Trail,353
Dwight,99 South Center,1000
Oakridge,00 Magdeline Center,719
Oneill,3 Lakewood Gardens Park,820
Basil,389 Golf Circle,488
Prairie Rose,67672 Ridgeview Alley,941
Wayridge,67369 Londonderry Trail,872
Tennyson,56 Transport Lane,919
Longview,37 Summerview Plaza,815
Declaration,180 Prairieview Avenue,308
Dapin,9 Fremont Street,524
Longview,7 Pierstorff Pass,705
Mariners Cove,7101 Stone Corner Way,393
Cordelia,82 Vahlen Avenue,322
Red Cloud,41592 Waubesa Terrace,567
Dapin,01 Eggendart Pass,991
Declaration,3 Dennis Place,919
Macpherson,8 Quincy Junction,626
Mariners Cove,8 Eagan Trail,131
Northport,537 Kingsford Hill,478
Longview,6 Jay Trail,877
Graceland,54 Farmco Place,433
Susan,26742 Eastlawn Center,925
Longview,46 Schiller Pass,237
Debs,0283 Farragut Trail,842
2nd,9 Dryden Drive,157
Fremont,167 Lerdahl Crossing,998
Red Cloud,45 1st Terrace,203
Susan,7 Independence Drive,599
Dunning,2486 Steensland Court,325
Crowley,06766 Buhler Parkway,357
Cardinal,755 Center Pass,941
Susan,7 Hanson Point,140
Blackbird,8 Dapin Court,102
Larry,502 Ronald Regan Point,894
Northport,07251 Basil Terrace,67
Prairie Rose,10 Rockefeller Hill,573
Blackbird,1826 Algoma Alley,841
Independence,31549 Burrows Point,785
Red Cloud,02437 Brickson Park Circle,123
Dapin,9 Alpine Street,358
Northport,988 Corry Drive,750
Wayridge,9726 Golf Junction,915
Carey,2068 Melby Avenue,682
Lotheville,772 Pond Terrace,798
Fremont,52 Oak Point,984
Blackbird,90794 Mayfield Way,872
Blackbird,0672 Delladonna Hill,381
Macpherson,7 Acker Pass,141
Basil,999 Menomonie Crossing,237
Graceland,57 Oak Valley Place,645
Gateway,64235 Burrows Alley,835
Elka,85 Kropf Road,135
Graceland,6090 Prairieview Lane,360
Cordelia,4 Bartillon Park,654
Basil,5 Ohio Center,67
Elka,45250 Garrison Pass,353
Logan,66 Melvin Junction,195
Coleman,71 Crescent Oaks Road,207
Tennyson,1 Victoria Alley,505
Buena Vista,81 Westend Place,385
Loeprich,74 Carioca Terrace,113
7th,76 Scoville Parkway,766
Riverside,17067 Buena Vista Lane,709
Holmberg,39 Carey Pass,769
Elka,93 Golf Hill,862
Cordelia,94069 Sheridan Pass,604
Oakridge,18369 Brickson Park Alley,112
Crowley,08395 Briar Crest Street,582
Schiller,7 Twin Pines Point,750
Carey,6 Mallard Alley,613
Rusk,99 Spohn Lane,396
Dwight,81188 Corscot Drive,638
Rusk,02875 Linden Point,801
Mariners Cove,2 Michigan Park,636
Fremont,29961 Comanche Hill,496
Gateway,61 Upham Place,989
Logan,15 Farragut Road,229
Longview,3 Fieldstone Pass,91
Fremont,390 Cambridge Circle,110
Basil,25280 Hoffman Park,362
Larry,3 Homewood Lane,439
Susan,7511 Eggendart Hill,355
Lotheville,59 Ludington Park,764
Graceland,83 Hanover Parkway,430
Buena Vista,2 Meadow Valley Trail,674
Carey,4 Rieder Crossing,181
Prairie Rose,1841 Westridge Avenue,757
Beilfuss,5 Mallory Parkway,902
Logan,90033 Dryden Circle,325
Debs,1646 Judy Terrace,299
Clove,77933 Pine View Hill,889
Monterey,6 Crescent Oaks Crossing,287
Fremont,412 Corry Trail,952
7th,6404 Northview Junction,823
Lakewood,08 Dunning Hill,278
Longview,7 Havey Crossing,540
Wayridge,83 Nancy Terrace,455
7th,085 Anhalt Trail,282
7th,92142 Basil Crossing,975
Coleman,1 Elgar Place,194
Oakridge,89245 2nd Terrace,109
Blackbird,31 Corben Place,427
Oakridge,42112 Helena Way,461
Rusk,0 Cardinal Street,331
Fremont,13911 Green Ridge Road,593
Dexter,785 Fisk Court,786
Onsgard,482 Green Ridge Terrace,722
Larry,40 Lighthouse Bay Park,198
Dunning,53 Sage Center,802
Arizona,91347 Mesta Pass,677
Fremont,14 Anhalt Way,975
Red Cloud,20 Eggendart Trail,297
Crowley,4 Claremont Parkway,798
Lotheville,0 Kropf Junction,726
Monterey,3396 Golf Place,53
Susan,240 Butternut Drive,598
Cardinal,34884 Logan Plaza,137
Debs,3709 Commercial Park,528
Declaration,0 Debs Place,218
Crowley,35961 Muir Parkway,68
Cordelia,7 Milwaukee Crossing,681
Cardinal,6 Homewood Lane,831
Rusk,3610 Summit Plaza,168
Oneill,6227 Ronald Regan Avenue,440
Darwin,1725 Lerdahl Point,337
Riverside,8 Surrey Terrace,633
Mariners Cove,2 Blue Bill Park Point,970
Loeprich,646 Farragut Lane,767
Logan,8 Arrowood Drive,854
Cardinal,962 Northwestern Crossing,231
Ridgeway,07940 Cottonwood Street,731
Blackbird,56 Kensington Circle,631
Dexter,96939 Farwell Way,500
Cordelia,20 Badeau Terrace,694
Gateway,87 Eggendart Court,967
Debs,7 Killdeer Plaza,433
Mariners Cove,59406 Thierer Lane,826
Dunning,722 Holmberg Street,708
Logan,91784 Cambridge Road,563
Tennyson,78396 Elmside Parkway,748
Mariners Cove,39065 Springview Point,425
Basil,9727 Bluestem Place,979
Blackbird,7 Gale Pass,126
Cordelia,3 Elgar Avenue,244
Prairie Rose,9 Blue Bill Park Drive,151
Onsgard,64997 Center Street,984
Basil,320 Roxbury Parkway,859
Tennyson,49320 Norway Maple Park,730
Blackbird,575 Commercial Trail,141
Darwin,83462 Raven Hill,486
Riverside,88184 Florence Hill,300
Cordelia,91297 Heath Parkway,984
Rusk,971 Dawn Street,392
Ridgeway,0055 Prairieview Trail,735
Northport,81 Grayhawk Plaza,714
Artisan,9035 Dayton Hill,836
Holmberg,23005 Namekagon Parkway,892
Prairie Rose,58412 Mandrake Street,614
Lotheville,60636 Mendota Drive,251
Blackbird,8 Grim Pass,833
Carey,19239 Brickson Park Plaza,922
Monterey,5 Prentice Crossing,977
Clove,88646 Warrior Trail,626
Darwin,68807 Fordem Road,101
Dexter,08984 Macpherson Way,263
Carey,5543 Rutledge Circle,646
Larry,23405 Caliangt Hill,249
Lakewood,54 Columbus Terrace,89
Schiller,66 Homewood Circle,869
Mariners Cove,15 Golf View Parkway,65
Lotheville,71 Barnett Circle,413
Elka,785 Dawn Pass,454
Holmberg,089 Gina Way,979
Rusk,32 Union Alley,86
Cardinal,60 Oakridge Drive,447
Larry,19 Goodland Street,588
Dwight,3 Alpine Avenue,702
Cardinal,9039 Sundown Junction,968
Blackbird,8 Pond Terrace,106
7th,0479 Debra Circle,113
Red Cloud,0 Pankratz Parkway,869
Arizona,2665 Barnett Lane,330
Graceland,528 Sheridan Point,294
Darwin,4 Rigney Circle,200
Susan,0377 Garrison Way,74
Independence,3713 Fordem Circle,991
Graceland,1153 Karstens Place,221
Holmberg,55 Brickson Park Court,987
Elka,45583 Sycamore Circle,166
Onsgard,0124 Buena Vista Road,276
Lakewood,93165 Farwell Way,739
Logan,58 North Drive,143
Elka,79 Arizona Place,156
Beilfuss,15 Tomscot Pass,68
Holmberg,83024 Annamark Drive,934
Oneill,4526 Maple Street,889
Crowley,64 Reinke Terrace,765
Onsgard,8 Mallard Plaza,691
Crowley,5164 John Wall Park,792
Dexter,3 Kropf Terrace,268
Riverside,0252 Vidon Crossing,891
Oakridge,4915 Pankratz Park,219
Logan,77 Lukken Terrace,864
Gateway,40 Mandrake Crossing,499
Prairie Rose,92321 Texas Avenue,803
Darwin,85044 Schmedeman Court,64
Debs,361 Eagle Crest Hill,189
Basil,12 Mallory Pass,539
Macpherson,36 Sloan Drive,946
Wayridge,651 Division Center,423
Arizona,89683 Spohn Terrace,202
Crowley,64 Banding Alley,159
Dexter,6 Ohio Junction,554
Lotheville,138 Paget Avenue,75
Lotheville,51685 Schurz Alley,183
Basil,99 Graedel Street,516
Elka,8070 Sommers Park,757
Tennyson,54034 Lakeland Court,887
Debs,359 Straubel Avenue,800
Ridgeway,10919 Crowley Parkway,776
Elka,79451 Sauthoff Avenue,651
Carey,73 Badeau Lane,103
Darwin,83 Porter Parkway,444
Dexter,96 Talisman Avenue,314
Declaration,287 Karstens Lane,760
Dwight,153 Butternut Street,518
Rusk,03 Ludington Trail,849
Northport,3 4th Parkway,525
Schiller,62916 Knutson Way,541
Artisan,6 Welch Pass,311
2nd,425 Darwin Park,714
Debs,71749 David Pass,68
2nd,3066 Melody Park,436
Onsgard,7 Hallows Park,129
Independence,9 Jay Place,993
Beilfuss,70 Banding Way,213
Elka,8 Clemons Point,544
Declaration,8 Amoth Plaza,819
Northport,2016 Pleasure Point,920
Mariners Cove,342 Cardinal Terrace,920
Ridgeway,8 Westend Drive,247
Oakridge,781 Pierstorff Avenue,432
Larry,52 Nancy Park,963
Graceland,25 Bluejay Point,921
Independence,191 Porter Alley,672
Graceland,47 Vahlen Alley,816
Tennyson,0072 Judy Pass,329
Prairie Rose,89 Hudson Junction,269
2nd,37 Stephen Park,202
Dapin,7 Bultman Circle,230
Lotheville,64696 Jay Hill,261
Holmberg,8 Pleasure Road,594
Buena Vista,8 Lerdahl Lane,58
Dexter,60 5th Junction,813
Gateway,9794 Debs Alley,358
Onsgard,9348 Charing Cross Parkway,940
Loeprich,1 Oneill Alley,459
Larry,08 Shoshone Hill,471
Lotheville,8238 Esker Junction,517
Oneill,301 Waywood Court,296
Ridgeway,1304 Bunker Hill Way,138
Larry,8 Gina Center,945
Red Cloud,48301 Katie Pass,697
Arizona,9357 Elgar Pass,866
Clove,426 Lawn Avenue,84
Rusk,728 Golf Course Place,103
Cordelia,19467 Texas Drive,688
Independence,943 Sage Point,666
Lakewood,91368 Truax Way,692
Loeprich,444 Alpine Crossing,903
Debs,8 Donald Way,494
Loeprich,4 Loeprich Parkway,528
Rusk,762 Farmco Avenue,792
Ridgeway,89267 Northwestern Hill,332
Dwight,416 Iowa Place,340
Dwight,94 Kennedy Place,695
Debs,54 Di Loreto Avenue,921
Ridgeway,8 Arkansas Park,602
Tennyson,8 Scofield Pass,442
Lotheville,35575 Carberry Pass,931
Fremont,1 Novick Trail,854
Riverside,19117 Summit Road,828
Lakewood,36 Packers Junction,742
Oneill,2169 Pine View Alley,766
Graceland,771 Golf View Pass,858
Coleman,29 Roth Parkway,956
Monterey,9 Farwell Avenue,870
Red Cloud,59127 Ronald Regan Park,359
Red Cloud,85308 Saint Paul Plaza,747
Schiller,97 Sauthoff Pass,216
Rusk,44 Clove Center,453
Loeprich,99558 Corben Pass,697
Elka,73843 Judy Park,536
Northport,6392 Oriole Court,556
Buena Vista,09936 Buena Vista Trail,708
Darwin,33560 Elgar Avenue,246
Rusk,3 Golf Course Way,495
Arizona,6 Cardinal Avenue,79
Loeprich,9784 Eagan Point,369
Artisan,0 Chinook Hill,882
Riverside,93 Coolidge Way,294
Macpherson,5133 Victoria Plaza,462
Carey,60 Weeping Birch Hill,521
Graceland,25 Welch Road,344
Onsgard,703 Warbler Road,280
Coleman,34 Sullivan Circle,565
Loeprich,412 Waxwing Pass,140
Larry,0460 Vidon Terrace,615
Onsgard,2196 Sheridan Street,136
Cordelia,982 Stone Corner Way,56
Holmberg,7 Warner Park,693
Dexter,21 Colorado Parkway,681
Oakridge,20 Algoma Circle,932
Riverside,74119 Mayfield Lane,615
Beilfuss,582 Lyons Pass,455
Ridgeway,1 Huxley Crossing,265
Ridgeway,42679 Pierstorff Pass,81
Lotheville,2076 Sachtjen Terrace,454
Red Cloud,0 Loeprich Trail,320
Beilfuss,703 Corry Plaza,456
Onsgard,66609 Tony Parkway,176
Cardinal,2 Hooker Park,888
Ridgeway,0198 Waubesa Lane,248
Arizona,5127 Veith Point,906
Macpherson,8 Ryan Junction,855
Cardinal,1 Fieldstone Court,802
Carey,77123 Fordem Pass,749
Coleman,529 Transport Terrace,427
Oakridge,28 Havey Way,742
Basil,2 Forest Run Trail,997
Ridgeway,84 Veith Place,937
Cordelia,172 Harper Junction,944
Oakridge,015 Oxford Point,671
Coleman,35608 Nova Avenue,615
Mariners Cove,22636 Rutledge Pass,766
Elka,1501 Milwaukee Circle,375
Buena Vista,753 Warner Parkway,61
Blackbird,24341 Anniversary Drive,74
Oneill,1596 Park Meadow Junction,564
Graceland,7538 Towne Drive,929
Red Cloud,9015 Atwood Street,299
Logan,1 Garrison Trail,627
Declaration,9 Memorial Way,212
Crowley,152 Scofield Plaza,577
2nd,9 Arkansas Lane,960
Onsgard,8 Sloan Crossing,371
Holmberg,68211 Mcbride Street,897
Carey,77726 Caliangt Crossing,413
Macpherson,0 Corscot Drive,282
Dapin,1685 Esch Plaza,578
Logan,0 Green Ridge Point,454
Crowley,64736 Sachs Junction,292
Monterey,08 Surrey Pass,235
Riverside,79 Mandrake Circle,546
Arizona,83 Carpenter Avenue,363
Larry,7 Steensland Court,419
Dwight,1060 Rockefeller Hill,107
Arizona,8234 Mifflin Street,171
Fremont,65348 Emmet Crossing,899
Longview,77 Hovde Avenue,766
Lotheville,2996 Swallow Lane,688
Northport,947 Anthes Hill,698
Lakewood,60 Algoma Lane,160
Blackbird,40 Bonner Drive,596
Clove,9207 3rd Plaza,805
Carey,8 Amoth Place,220
Clove,80509 Marcy Trail,434
Wayridge,2 Meadow Ridge Circle,532
Crowley,6242 Ridgeview Drive,201
Lotheville,3025 Claremont Center,583
Dunning,93 Cambridge Plaza,699
Clove,224 Lake View Plaza,366
Oneill,44068 Clove Lane,329
Red Cloud,321 Mayfield Court,228
Mariners Cove,2 Coolidge Avenue,575
Fremont,812 Dahle Point,501
Artisan,91274 Northport Point,81
Beilfuss,259 Old Gate Trail,220
Dexter,8134 Sauthoff Way,971
Wayridge,72 Northport Avenue,269
Gateway,765 Anthes Hill,771
Declaration,3 Ridgeview Hill,352
Darwin,5 Dovetail Hill,697
Wayridge,0004 Redwing Alley,433
Cordelia,843 New Castle Junction,56
Dunning,66 Morrow Junction,955
2nd,4 Haas Street,356
Buena Vista,0 Mitchell Point,903
Rusk,6769 Bunting Hill,136
Susan,2594 Buell Junction,674
Crowley,8 Elka Center,647
Holmberg,951 Trailsway Alley,956
Declaration,8188 Swallow Terrace,746
Loeprich,4 Columbus Pass,534
Buena Vista,955 Hayes Parkway,712
Independence,1135 Old Gate Court,918
Ridgeway,518 Gerald Point,578
Graceland,30935 8th Drive,487
Elka,4032 High Crossing Parkway,650
Onsgard,613 Forest Plaza,800
Red Cloud,22 West Center,487
Elka,8 Brickson Park Park,663
Mariners Cove,40573 Lerdahl Road,193
Arizona,5159 Beilfuss Point,493
Red Cloud,39779 Pierstorff Street,560
Oneill,53 Northfield Point,520
Darwin,03 4th Junction,974
Tennyson,7690 Iowa Circle,102
Carey,42672 Hallows Court,212
2nd,464 Oxford Street,168
Tennyson,8 Bellgrove Place,868
Dexter,9 Melrose Street,803
7th,7727 Aberg Center,491
Declaration,87027 7th Street,816
Blackbird,3498 Sachs Terrace,275
Dexter,641 Gerald Hill,862
Wayridge,835 Sunfield Park,871
Lakewood,22555 Nelson Parkway,342
Cardinal,352 Lakewood Trail,204
Lotheville,715 Moulton Junction,692
Elka,3480 Melody Way,237
Artisan,8 Maryland Circle,509
Oneill,555 Debs Center,353
Loeprich,5 Holmberg Trail,660
Elka,12 Vera Terrace,922
Gateway,89008 Eagle Crest Hill,790
Loeprich,7708 Del Mar Trail,376
Darwin,74 Banding Hill,548
Mariners Cove,55802 Nobel Plaza,440
Cardinal,14 Monterey Way,313
Blackbird,77 Stuart Alley,522
Holmberg,73 Cottonwood Lane,695
Lotheville,634 Darwin Center,727
Clove,31883 Sunbrook Way,483
Macpherson,94299 Hovde Trail,217
Arizona,33892 Mifflin Center,800
Artisan,9209 Sutherland Lane,811
Beilfuss,0820 Mosinee Trail,170
Dexter,863 Shoshone Place,276
Dapin,69 Butterfield Place,927
Debs,86898 Fremont Plaza,933
Longview,147 Commercial Road,884
Schiller,562 Schlimgen Street,468
Coleman,5034 Summerview Park,760
Dunning,9 Rigney Parkway,190
Monterey,09 Carioca Park,948
Clove,62 Del Mar Junction,579
Debs,4 Birchwood Lane,71
Loeprich,8 Doe Crossing Crossing,241
Logan,53 Hagan Drive,647
Elka,7106 Union Point,911
Onsgard,72 Hagan Road,930
7th,1966 Portage Park,568
Elka,128 Wayridge Lane,276
Dapin,319 Miller Avenue,107
Lakewood,25 Russell Drive,332
Oakridge,500 Toban Point,99
Schiller,25 Dayton Drive,155
Loeprich,1 Maryland Park,555
Cordelia,1061 International Lane,692
Clove,76 Shasta Lane,369
Loeprich,4 New Castle Point,420
Clove,86 Forster Place,91
Fremont,03904 Green Ridge Drive,853
Independence,40860 Monterey Trail,324
Dapin,890 Kim Crossing,160
Darwin,69 Fallview Lane,865
Prairie Rose,075 Holy Cross Pass,683
Independence,2 Weeping Birch Road,590
Red Cloud,7 5th Street,710
Fremont,3873 Bluestem Pass,280
Dwight,38 Karstens Terrace,225
Ridgeway,00 Meadow Ridge Parkway,314
Northport,29 Westridge Parkway,907
Monterey,49 Brentwood Alley,843
Riverside,8 Hanover Center,362
Holmberg,32 East Way,63
Arizona,6004 Laurel Circle,503
Clove,08032 Michigan Junction,149
Holmberg,4398 Brentwood Place,111
Larry,1 Dryden Court,795
Cardinal,9483 Bartillon Point,756
Fremont,80821 Twin Pines Circle,591
Independence,5 Crownhardt Hill,533
Susan,02 Di Loreto Crossing,97
Loeprich,7 4th Street,875
Cardinal,367 Dennis Parkway,720
Schiller,456 Park Meadow Trail,375
Cardinal,15212 Basil Circle,318
Loeprich,1556 Forest Avenue,186
Oakridge,45 Blaine Avenue,756
Dwight,53 Sycamore Lane,861
Artisan,77 Loftsgordon Circle,966
Macpherson,54405 Jay Trail,120
Dwight,64 Green Ridge Terrace,672
Independence,0231 Loomis Terrace,111
Artisan,10 Beilfuss Terrace,953
Lotheville,11571 David Circle,232
Oneill,349 Kedzie Way,686
Arizona,45 Center Pass,712
Gateway,5853 Carioca Junction,490
Riverside,5 Dexter Court,273
Susan,73266 Kedzie Alley,640
7th,19719 Homewood Plaza,212
Prairie Rose,982 Pawling Center,738
Red Cloud,8 Brentwood Park,756
Red Cloud,3 Barby Court,283
Tennyson,7883 Stang Crossing,498
Carey,24 Toban Hill,497
Macpherson,4006 Miller Road,218
Wayridge,0669 Dottie Place,365
Red Cloud,359 Truax Avenue,454
Clove,51189 Manitowish Street,177
Monterey,6590 5th Plaza,425
Red Cloud,5 Emmet Center,313
Clove,079 Alpine Junction,911
Graceland,204 Morning Alley,497
Oakridge,5 Stephen Way,682
Cardinal,5 Main Drive,200
Crowley,13 Anhalt Drive,536
Susan,2685 Becker Plaza,828
Macpherson,304 Derek Circle,495
Elka,0 Anzinger Avenue,925
Darwin,2 Surrey Plaza,560
Larry,9041 David Street,984
Monterey,4 Melrose Point,976
Cordelia,4 Forest Run Place,675
Graceland,67187 Transport Circle,433
Cordelia,02 Sutherland Terrace,911
Tennyson,035 Farwell Alley,479
Northport,04 Eliot Terrace,266
Darwin,82 Twin Pines Avenue,331
Loeprich,0882 Red Cloud Junction,964
Prairie Rose,41 Towne Circle,879
Basil,5921 Gulseth Avenue,698
Rusk,5099 Roth Circle,454
Red Cloud,879 Swallow Way,696
Clove,38440 Warrior Avenue,612
Schiller,044 Parkside Plaza,76
Tennyson,0 Starling Place,243
Dwight,1 Prairie Rose Lane,197
Monterey,48 Shasta Terrace,363
Lakewood,35 Westend Center,913
Susan,8 Thackeray Plaza,660
Lotheville,634 Crescent Oaks Drive,262
Longview,66306 Sachtjen Avenue,644
Crowley,7 Pearson Road,659
7th,9376 Tomscot Pass,453
Onsgard,4562 Bowman Court,756
Susan,1 Mandrake Parkway,581
Logan,3456 Rieder Hill,923
Fremont,8541 Acker Trail,492
Graceland,6 Mariners Cove Crossing,936
Ridgeway,717 Bellgrove Point,840
Dwight,84547 Drewry Road,204
Buena Vista,48 Sullivan Hill,254
Holmberg,9128 Hermina Pass,807
Beilfuss,27 Becker Crossing,236
Debs,05 Loomis Center,225
Beilfuss,14472 Jenna Park,650
Northport,43 Warrior Parkway,162
Onsgard,3 Mccormick Place,874
Buena Vista,5 Mifflin Alley,338
Monterey,932 Dovetail Center,551
Logan,4146 Melvin Parkway,393
Prairie Rose,14005 Sutherland Street,738
Red Cloud,3 Rusk Alley,588
Oneill,55798 Clove Lane,943
Elka,34 Farwell Junction,134
7th,47 Merry Crossing,147
Monterey,5 Monument Junction,61
Arizona,8541 Transport Drive,330
Mariners Cove,1 Rutledge Road,249
Fremont,19728 Melrose Trail,479
Schiller,15351 Schurz Center,241
Gateway,55784 Pepper Wood Center,424
Dexter,2 Nevada Road,429
Susan,832 Anzinger Point,433
Basil,93640 Debs Trail,432
Elka,20928 Annamark Road,674
Macpherson,4 Barnett Center,600
Cordelia,199 Hintze Park,668
7th,94504 Schmedeman Street,883
Tennyson,6116 East Circle,670
Tennyson,81 Brentwood Court,243
Susan,3828 Kropf Plaza,586
Cardinal,7 Red Cloud Plaza,693
Arizona,378 Transport Lane,678
Lotheville,821 Merry Way,451
Mariners Cove,69773 Iowa Hill,678
Red Cloud,0054 Caliangt Point,309
Fremont,7322 Nevada Point,918
Declaration,05581 Kipling Alley,877
Tennyson,7 Darwin Place,877
Buena Vista,770 Sunnyside Lane,125
Declaration,28140 Columbus Plaza,229
Tennyson,11969 Northridge Trail,995
Northport,90 Kenwood Park,114
Basil,74848 Mccormick Junction,691
Crowley,7 Jay Crossing,665
Cordelia,35 Roxbury Lane,328
Larry,93 Monica Junction,491
Logan,62100 Westend Avenue,128
Red Cloud,15464 Burrows Avenue,191
Loeprich,5818 Thompson Point,825
Arizona,50 American Place,302
Monterey,8492 Harper Court,60
Onsgard,599 Muir Crossing,817
Cardinal,18 Nancy Point,599
7th,3327 Dawn Junction,526
Mariners Cove,154 Shoshone Terrace,353
Beilfuss,599 Bluejay Alley,228
Logan,56 Clemons Junction,337
Prairie Rose,0 Eastlawn Alley,996
Basil,065 Rowland Hill,388
Artisan,9 Fieldstone Lane,454
Fremont,5654 Merchant Alley,69
Lotheville,797 Elmside Drive,323
Northport,3461 Packers Junction,979
Rusk,89005 Dexter Plaza,476
Debs,9064 Arizona Hill,663
Beilfuss,62 West Drive,714
Elka,7322 Delaware Center,266
Carey,0 Longview Trail,740
Dwight,0896 Amoth Trail,589
Independence,68 Comanche Alley,867
Carey,08076 Cherokee Crossing,688
Beilfuss,6631 Lakeland Point,185
Independence,262 Petterle Avenue,715
Debs,6 Kropf Street,764
Declaration,420 Ryan Court,360
Dwight,7388 Kedzie Lane,202
Prairie Rose,661 Erie Street,202
Independence,4 Waubesa Point,726
Longview,56918 Grasskamp Terrace,1000
Fremont,3 Meadow Ridge Court,957
Holmberg,2138 Lakewood Gardens Junction,966
Graceland,61812 Leroy Parkway,929
Carey,88965 Fisk Alley,571
Monterey,7953 Lerdahl Crossing,53
Larry,3 Saint Paul Point,688
Holmberg,282 Derek Point,649
Dunning,5 Springview Lane,337
Susan,11470 Fairview Pass,576
Blackbird,6 Superior Avenue,944
Wayridge,534 Welch Drive,665
Cardinal,6307 New Castle Hill,437
Carey,767 Maple Court,432
Independence,5 Redwing Park,357
Macpherson,16 Crowley Parkway,855
Lakewood,4635 Pierstorff Court,372
Mariners Cove,3100 Milwaukee Terrace,741
Dwight,728 Sycamore Center,454
Cordelia,0895 Jackson Pass,908
Red Cloud,630 Glacier Hill Center,264
Independence,9064 4th Road,84
Larry,1 Hazelcrest Point,812
Wayridge,2 Moland Trail,956
Oneill,55170 Stone Corner Drive,890
Arizona,8695 Roth Lane,904
2nd,3 Ronald Regan Park,554
Crowley,50 International Parkway,859
Darwin,55 Gerald Place,706
Carey,46 Mccormick Plaza,774
Lotheville,788 Sugar Circle,481
Loeprich,8236 Old Gate Way,333
Cardinal,4959 Gale Hill,502
Susan,1127 Gerald Trail,119
Oneill,656 Moose Court,519
Graceland,494 Cordelia Road,510
Darwin,5 Independence Court,685
Cardinal,9162 Pine View Plaza,910
Declaration,20 8th Trail,313
Debs,015 Steensland Park,826
Monterey,023 Carpenter Alley,816
Wayridge,276 Sugar Junction,476
Dwight,5834 Riverside Pass,588
Beilfuss,3 Thompson Way,938
Ridgeway,010 Anderson Avenue,388
Longview,039 Heath Terrace,133
Red Cloud,2690 Wayridge Terrace,622
Artisan,7 Ludington Road,531
Dunning,666 Basil Lane,521
Dexter,9 Becker Plaza,273
Holmberg,627 Ilene Lane,567
Basil,6 Montana Lane,263
Red Cloud,491 Browning Alley,210
Schiller,36317 Butternut Parkway,746
Loeprich,2 Jana Hill,676
Darwin,82 Birchwood Plaza,995
Fremont,349 East Street,267
Elka,67 Superior Circle,478
Susan,74 Superior Way,739
Dapin,53999 3rd Drive,606
Arizona,2 Mcguire Crossing,948
Fremont,3 Grim Way,657
Coleman,70903 Spenser Way,481
Northport,034 Stone Corner Street,915
Blackbird,37499 Scofield Pass,526
Basil,57 Bowman Road,708
Blackbird,494 Armistice Drive,391
2nd,71612 Monica Way,648
Carey,7 Trailsway Street,381
Longview,7 Larry Street,319
Crowley,0 Bay Trail,631
Gateway,14 Gateway Way,81
Blackbird,077 Armistice Drive,488
2nd,0 Pine View Court,223
Macpherson,154 Loftsgordon Pass,894
Debs,66586 Charing Cross Crossing,54
Graceland,16276 Victoria Park,609
Carey,86 Sunbrook Avenue,743
Artisan,2769 Morrow Lane,186
2nd,16 Kim Road,422
7th,6231 Rigney Parkway,608
Rusk,06281 Dottie Center,601
Crowley,87651 Texas Street,539
Schiller,85 Colorado Avenue,357
Prairie Rose,92 Northridge Trail,807
Logan,478 Butterfield Circle,331
Prairie Rose,312 Nevada Park,317
Basil,82908 Westerfield Pass,813
Artisan,88 Almo Road,220
Basil,73289 Clarendon Road,387
Independence,00997 Melvin Way,926
Basil,23456 Tony Lane,501
Holmberg,812 Holmberg Junction,713
Tennyson,3696 Hoffman Way,409
Rusk,18857 Waxwing Point,837
Dunning,205 Harbort Trail,560
Loeprich,16711 Grayhawk Hill,923
Coleman,188 Schiller Circle,732
Dunning,6 Mayfield Plaza,209
Coleman,41 Southridge Hill,661
Oneill,6 Reindahl Park,455
Onsgard,558 Becker Trail,108
Buena Vista,08 Fuller Junction,709
Carey,387 Meadow Ridge Parkway,124
Loeprich,1 Crowley Circle,969
Logan,190 Northport Hill,423
Holmberg,0 East Park,135
Basil,785 Drewry Avenue,626
7th,219 Sundown Alley,623
Susan,4834 Tennessee Street,464
Logan,164 Roxbury Point,555
Rusk,2134 Dunning Point,224
Basil,4486 Meadow Vale Crossing,398
Longview,6598 Del Mar Trail,764
Independence,9 Pine View Terrace,745
Holmberg,21 Basil Trail,204
Oakridge,869 Westport Way,84
Elka,4607 Brentwood Drive,745
Debs,3754 Ridgeway Junction,689
Onsgard,82 Amoth Court,704
Dwight,1151 Columbus Trail,710
Dexter,8 Graedel Place,113
Onsgard,901 Sauthoff Street,642
Holmberg,5812 Oriole Circle,767
Fremont,52722 Marcy Terrace,677
Rusk,8 Hoepker Hill,718
Longview,20402 Steensland Center,772
Dunning,95 Linden Place,794
Schiller,534 Myrtle Circle,287
Riverside,48093 Orin Circle,919
Monterey,979 Autumn Leaf Road,954
Larry,47 Sage Point,652
Carey,5 Menomonie Place,596
Cordelia,63897 Clove Crossing,876
Debs,40850 Lerdahl Court,790
Northport,7 Prairieview Circle,720
Loeprich,83762 Coolidge Alley,266
Graceland,87 Trailsway Point,998
Buena Vista,0 Graedel Road,927
Artisan,112 Dunning Center,168
Crowley,5 Russell Court,337
Basil,83 Schlimgen Drive,563
Riverside,8696 Westport Way,419
Onsgard,29212 Roxbury Drive,102
Coleman,5 Petterle Terrace,660
Beilfuss,343 Rieder Place,899
Arizona,57775 Sugar Pass,878
Artisan,091 Rusk Court,870
Dapin,7 Pond Way,634
Mariners Cove,0 Scoville Avenue,754
Holmberg,6 Kedzie Drive,774
Elka,64373 Burning Wood Pass,235
Susan,244 Thackeray Pass,973
Oakridge,3901 Darwin Place,543
Dunning,45 Lerdahl Pass,919
Logan,1 Coleman Drive,83
Tennyson,0 Hazelcrest Lane,583
Logan,515 Old Shore Street,487
Dexter,636 Ludington Point,348
Cordelia,2308 Morrow Pass,470
Basil,2280 Thackeray Road,781
Dexter,3596 Evergreen Parkway,346
Dwight,0314 Warbler Lane,238
7th,0046 Havey Center,56
Larry,4 Dottie Street,560
Beilfuss,5 Armistice Road,848
Lakewood,72179 Kennedy Pass,91
Mariners Cove,0 Di Loreto Way,54
Dexter,76 Knutson Terrace,752
Cardinal,039 Green Circle,436
Lakewood,31 Nancy Plaza,94
Gateway,67 Morrow Point,879
Dunning,7 Golf Pass,557
7th,008 Vidon Park,254
Oakridge,64 Lerdahl Drive,409
Beilfuss,034 Elmside Place,879
Declaration,2544 Amoth Road,986
Northport,2192 Nova Street,360
Prairie Rose,390 Esker Road,577
Declaration,0 Roth Drive,808
Prairie Rose,76571 Lakewood Terrace,917
Graceland,912 Eagan Hill,195
Dunning,21 Westend Avenue,725
Ridgeway,61998 Bowman Park,159
Red Cloud,5250 Annamark Plaza,489
Darwin,63065 Kennedy Parkway,965
Schiller,85 Main Pass,458
Susan,5 Northport Trail,251
Cordelia,2766 Southridge Parkway,351
Carey,08 Merchant Way,872
Northport,769 Scofield Pass,108
Schiller,5905 Granby Drive,345
Prairie Rose,7343 Mosinee Point,839
Debs,872 Clove Place,848
Cordelia,481 Brentwood Street,175
Elka,22 Mayer Street,231
Oneill,944 Hintze Road,625
Oakridge,44 Jenifer Plaza,681
Oneill,49 Susan Point,550
Northport,000 Carpenter Street,80
Mariners Cove,9914 Dapin Parkway,264
Dwight,5 Autumn Leaf Park,979
Dwight,3801 Parkside Alley,640
Darwin,50254 Alpine Point,638
Elka,0 Lillian Lane,895
2nd,4 Hagan Junction,371
Red Cloud,3358 Maple Junction,474
Carey,178 Cottonwood Parkway,647
Graceland,584 Birchwood Avenue,691
Cordelia,3 Sutteridge Park,828
Oneill,18366 Bashford Hill,277
Dwight,68895 Ryan Pass,946
Susan,3 Pine View Road,114
2nd,8 Spenser Pass,617
Oakridge,297 Park Meadow Lane,499
Red Cloud,899 Reinke Parkway,752
Mariners Cove,6890 Muir Crossing,181
Blackbird,23 Starling Crossing,88
Declaration,831 Tennyson Road,583
Fremont,65 Becker Junction,645
Fremont,2 Mcbride Junction,481
Mariners Cove,2733 Carey Junction,984
7th,16 Calypso Drive,953
Blackbird,35809 Chinook Road,292
Holmberg,7008 Aberg Avenue,466
Onsgard,00300 Dixon Pass,270
Wayridge,6773 Lawn Place,275
Clove,7578 Mayer Hill,629
Gateway,652 Bobwhite Terrace,388
Mariners Cove,2676 Merrick Alley,898
Logan,5 Ryan Court,335
Dapin,17 Dahle Street,704
Artisan,473 Lien Place,556
Loeprich,6202 Hudson Circle,739
Oneill,09880 Roxbury Drive,186
Debs,8501 Manitowish Place,413
Oneill,14117 Melrose Park,756
Basil,7922 North Alley,621
Oakridge,2 Weeping Birch Trail,358
Northport,71 Tennessee Drive,186
Beilfuss,92003 Old Shore Place,905
Crowley,79899 Gulseth Lane,146
Artisan,8465 Susan Court,411
Ridgeway,5 Straubel Street,502
Dunning,64 Oakridge Junction,372
Carey,133 Lillian Court,460
Arizona,673 Larry Way,625
Darwin,1771 Oriole Way,391
Cardinal,42871 Manitowish Plaza,50
Dapin,56 Springs Hill,172
Blackbird,4 Clyde Gallagher Crossing,938
7th,64 La Follette Hill,506
Oneill,79203 Londonderry Crossing,782
Cardinal,07 Dawn Parkway,501
Dexter,343 Stone Corner Park,458
Longview,4 Huxley Place,554
Oneill,44741 Lakeland Pass,124
Dapin,68 Eliot Drive,205
Loeprich,4 Mifflin Parkway,87
Macpherson,60715 Lyons Junction,910
Tennyson,870 Magdeline Circle,647
Fremont,05 Buena Vista Park,513
Buena Vista,328 Union Circle,923
Gateway,667 Mifflin Trail,858
2nd,8027 Vera Place,771
Holmberg,1 Namekagon Terrace,316
Carey,1 Declaration Avenue,565
Clove,30 Eggendart Crossing,489
Logan,2 Ridge Oak Circle,573
Larry,1 Eastwood Hill,886
Coleman,4 Dakota Court,309
Gateway,7758 Knutson Terrace,1000
Darwin,29081 Oneill Parkway,249
Beilfuss,8 Homewood Lane,664
Buena Vista,24 Morning Junction,840
Coleman,8779 Lighthouse Bay Park,640
Elka,227 Donald Junction,719
Dwight,4732 Shopko Court,928
Mariners Cove,3 North Circle,359
Lakewood,95 Barnett Parkway,79
Dwight,29676 Anzinger Road,852
Dapin,29053 Spohn Park,918
Coleman,36 Lyons Court,162
Dapin,9607 Loeprich Circle,520
Lotheville,9 Bellgrove Park,300
Carey,0 Pearson Point,606
Basil,67330 Beilfuss Way,830
Declaration,06 Dennis Hill,379
Debs,5 Mandrake Terrace,802
Riverside,90068 Sauthoff Lane,672
Dunning,5701 Arrowood Street,176
Larry,32626 Eastlawn Plaza,440
Tennyson,7 Bellgrove Parkway,768
Rusk,92 Fairview Place,643
Oakridge,30590 Barby Avenue,138
Lotheville,444 Esch Point,760
Crowley,10 Fremont Point,664
Monterey,56649 Raven Hill,140
Arizona,8 Arizona Place,542
Larry,6652 Hovde Point,741
Red Cloud,35 Fairfield Hill,420
Red Cloud,636 Maple Terrace,854
Riverside,4188 Prentice Center,124
Schiller,946 Loftsgordon Way,753
Holmberg,04 4th Alley,256
Artisan,22295 Twin Pines Plaza,696
Independence,244 Derek Crossing,522
Larry,1305 Dayton Point,765
Gateway,25701 Bellgrove Avenue,737
Onsgard,4404 Manufacturers Road,686
Beilfuss,29 Eastlawn Hill,834
Schiller,2764 Northwestern Alley,591
Susan,754 Shoshone Place,304
7th,9 Ruskin Drive,266
Northport,18 Forest Pass,613
Declaration,729 Sycamore Drive,830
Dapin,0226 Cardinal Park,326
Declaration,8339 Fieldstone Place,410
Gateway,617 Blackbird Center,942
Elka,50 Main Lane,703
Loeprich,31 Towne Hill,519
Prairie Rose,325 Charing Cross Court,724
Holmberg,8 Cherokee Pass,486
Macpherson,7604 Oxford Lane,884
Crowley,4737 Service Crossing,97
Holmberg,02683 Parkside Road,754
Carey,63 Oriole Alley,649
Debs,47523 North Terrace,618
Logan,72930 Delaware Avenue,256
Susan,61047 East Avenue,909
Dwight,16307 Judy Way,176
Buena Vista,04686 Southridge Hill,194
Blackbird,0 Oxford Junction,768
Crowley,559 Village Green Junction,840
Declaration,1933 Milwaukee Road,336
Loeprich,92754 Redwing Pass,339
Loeprich,52 Northfield Place,562
Oakridge,45 Hanover Circle,486
Cordelia,14095 Delladonna Road,276
Dunning,2 Vera Parkway,755
Darwin,40 Ridge Oak Street,659
Ridgeway,4528 Graedel Place,310
Oneill,20 Grover Circle,831
Arizona,2106 Old Shore Trail,822
Elka,1009 Basil Center,942
Dunning,2 Kings Plaza,175
Mariners Cove,35647 Aberg Crossing,963
Loeprich,08 Tomscot Drive,239
Graceland,3 Melrose Pass,996
Independence,97 Rockefeller Park,271
Graceland,0993 Bonner Avenue,965
Northport,881 Myrtle Crossing,408
Oakridge,3534 South Pass,581
Susan,4 Mayer Lane,254
Coleman,6110 Swallow Circle,844
Carey,27930 Park Meadow Trail,473
Dunning,5 Carioca Pass,552
Gateway,33 Iowa Crossing,851
Elka,6 Killdeer Lane,638
Elka,80461 Swallow Parkway,508
Graceland,15 Judy Place,681
Larry,17162 Monterey Pass,455
2nd,8 Stoughton Junction,670
Artisan,8191 Trailsway Drive,620
Prairie Rose,35 Pine View Way,625
Blackbird,7869 Burning Wood Lane,946
Riverside,35 Meadow Ridge Way,785
Schiller,00865 Sugar Hill,744
Artisan,459 Green Ridge Circle,58
Buena Vista,64028 Blue Bill Park Center,800
Wayridge,57905 Declaration Lane,72
Blackbird,29 Derek Court,577
Wayridge,4 Buena Vista Center,757
Crowley,7177 Maple Wood Court,318
Dunning,9369 Karstens Way,411
Onsgard,38 Thompson Court,161
Macpherson,74 Merrick Way,151
Dexter,73 Burning Wood Street,288
Ridgeway,2866 Michigan Place,450
Susan,5 Atwood Pass,409
Declaration,815 Twin Pines Center,973
Dwight,05814 Kingsford Lane,596
7th,114 Monument Park,587
Northport,14 Northland Road,427
Logan,57 Claremont Plaza,657
Basil,213 Merrick Trail,132
Cordelia,4562 Jana Hill,747
Elka,90842 Nevada Parkway,876
Basil,00571 Monica Street,905
Dwight,609 Armistice Point,101
Logan,7 Corben Road,864
Debs,4821 Buena Vista Crossing,504
Onsgard,02517 Fulton Alley,509
Elka,8 Dryden Parkway,368
Susan,985 Ramsey Place,653
Clove,1836 Karstens Lane,870
Logan,33 6th Center,666
Buena Vista,55 Mitchell Lane,452
Cardinal,339 Susan Street,379
Cordelia,94710 Old Shore Center,131
Mariners Cove,7 Duke Court,161
Blackbird,6606 Upham Center,804
Rusk,3656 Morrow Road,366
Blackbird,4 Londonderry Parkway,146
Carey,97644 Bluejay Terrace,972
7th,0960 Northport Place,380
Blackbird,5 Pearson Alley,962
Oakridge,48 Bultman Point,168
Mariners Cove,45003 5th Hill,397
Macpherson,1959 Maywood Alley,383
Dunning,3591 Washington Alley,506
Beilfuss,10 Lotheville Street,777
Artisan,31 Parkside Terrace,223
Cardinal,7818 Lindbergh Court,877
Cordelia,71 Artisan Terrace,309
Monterey,4 Quincy Court,480
Macpherson,22212 Clarendon Court,754
Elka,4 Knutson Junction,680
Independence,96028 Truax Place,340
Crowley,9 Pankratz Avenue,990
Dapin,5601 Sheridan Court,802
Schiller,0 Straubel Center,447
Gateway,035 Brentwood Place,568
Independence,7 Packers Place,83
Buena Vista,11574 Hoard Court,874
Dwight,98563 Brickson Park Plaza,478
Dunning,8815 Spaight Terrace,310
Susan,1028 Messerschmidt Hill,949
Blackbird,84 Merry Avenue,902
Longview,43 Cody Hill,310
Dapin,42 Veith Alley,889
Dapin,150 Express Way,686
Ridgeway,0 Chive Plaza,733
Northport,6003 Burrows Court,938
Dexter,9 Merrick Way,823
Prairie Rose,44160 Morningstar Way,366
Monterey,7 Packers Hill,771
Crowley,5130 Farmco Drive,682
Lotheville,800 Waywood Trail,744
Holmberg,54723 Summerview Circle,767
Macpherson,24633 Northview Place,680
Graceland,99 Old Shore Hill,216
Northport,88863 Basil Alley,921
Larry,0 Corben Alley,378
Cordelia,65781 Toban Street,176
Dunning,96 Meadow Ridge Street,872
Schiller,70785 Coolidge Drive,144
Fremont,03 Ruskin Plaza,805
Wayridge,855 Orin Trail,574
7th,01690 Towne Pass,381
Monterey,121 Buena Vista Road,683
Gateway,433 Texas Crossing,484
Larry,8 Eliot Circle,273
Prairie Rose,046 4th Pass,952
Beilfuss,0578 Riverside Parkway,255
Dexter,53 Algoma Parkway,629
Independence,07 Anderson Court,371
Fremont,456 Texas Crossing,251
Loeprich,7 Ronald Regan Trail,989
Coleman,31944 Talisman Avenue,623
Wayridge,91 Sycamore Hill,480
Independence,172 Butterfield Junction,153
Longview,51 Mcguire Terrace,536
Basil,6820 Continental Junction,476
Buena Vista,6 Surrey Road,979
Darwin,16202 Spohn Parkway,323
Independence,97611 Evergreen Court,218
Loeprich,2393 Mesta Drive,615
Buena Vista,928 Donald Hill,207
Blackbird,14 Union Way,664
Longview,1 Grover Parkway,178
Prairie Rose,81086 Arkansas Parkway,494
Dapin,414 Granby Pass,591
Debs,57 Shopko Crossing,555
Dwight,4 Drewry Drive,999
Longview,1 Welch Road,848
Lotheville,96 Kropf Avenue,323
Mariners Cove,469 Nevada Road,119
Elka,8845 Sheridan Avenue,441
Larry,2 Heath Circle,317
Elka,1 Arkansas Junction,62
Cardinal,83543 Ridgeview Road,541
Dwight,9 Burning Wood Avenue,447
Oakridge,2 Huxley Drive,722
Beilfuss,74470 Iowa Court,426
Elka,04412 Homewood Park,941
Dwight,2 Everett Terrace,924
Northport,54 Namekagon Junction,565
Coleman,980 Ramsey Lane,657
Elka,70985 Ridgeview Lane,407
Carey,2 Grasskamp Park,301
Darwin,46598 Village Green Road,168
Longview,665 Moulton Park,579
Mariners Cove,96 Shasta Pass,311
Dunning,88 Delaware Plaza,161
Macpherson,1 Jackson Junction,765
Rusk,5553 Onsgard Plaza,590
Clove,9914 Sheridan Point,102
Dunning,043 David Street,394
Coleman,1806 Fairview Crossing,258
Red Cloud,40576 Bobwhite Trail,249
Gateway,118 Amoth Way,852
Graceland,10722 Bartillon Lane,706
Crowley,00071 Sachtjen Crossing,777
Coleman,484 Golf Lane,794
Beilfuss,8 Marcy Alley,638
Artisan,25914 Manufacturers Center,953
Declaration,4 Dayton Pass,159
Gateway,742 Ridge Oak Point,748
Cardinal,127 Monica Alley,541
Elka,295 Eastlawn Alley,98
Graceland,88 Tony Trail,714
Rusk,9 Becker Circle,190
Schiller,0130 Summit Court,664
Independence,5 Nova Hill,459
Cardinal,073 Bellgrove Avenue,226
Crowley,14 Lukken Center,576
Holmberg,6 Haas Pass,520
2nd,93719 Maple Court,676
Dwight,1961 Clove Drive,228
7th,9 Lyons Court,875
Loeprich,944 Colorado Hill,981
Monterey,8014 Rusk Parkway,756
Macpherson,53 Veith Hill,402
Arizona,38825 Barnett Drive,885
Mariners Cove,53628 Hanover Lane,255
Gateway,2559 Forest Dale Way,139
Prairie Rose,2 Atwood Terrace,254
Mariners Cove,00 Elgar Place,173
Oneill,1745 Sauthoff Circle,377
Cardinal,79308 Harper Court,932
Artisan,0470 Valley Edge Street,410
Northport,16 Mandrake Place,513
Graceland,05695 Bellgrove Parkway,175
Arizona,134 Larry Park,102
Oneill,3995 Northview Alley,954
Elka,20 Warbler Road,906
Holmberg,7194 Hanson Terrace,631
Larry,72 Gerald Court,686
Longview,9457 Brown Place,856
Carey,85940 Express Trail,156
Holmberg,4081 Fremont Alley,729
Rusk,099 Havey Lane,725
Northport,9185 Mariners Cove Center,361
Longview,98 Debra Junction,177
Red Cloud,6 Lakeland Crossing,737
Gateway,6 Golden Leaf Parkway,877
Independence,4041 Arkansas Plaza,824
Cardinal,863 Londonderry Center,366
7th,546 Dayton Center,394
Northport,9559 Clove Court,119
Riverside,4164 Longview Park,330
Lakewood,7587 Weeping Birch Avenue,877
Longview,622 Arrowood Road,568
Gateway,0110 Ohio Point,587
Declaration,73024 Haas Plaza,109
Debs,686 Kensington Way,112
Oakridge,93266 Gina Road,131
Ridgeway,5165 Grayhawk Trail,371
Elka,7 Center Parkway,971
Independence,587 Morningstar Lane,965
Oneill,53 Dayton Hill,223
Dunning,227 Delladonna Center,729
Gateway,057 Clove Park,224
Beilfuss,394 Ludington Lane,75
Independence,6330 Norway Maple Junction,175
Debs,60 Marcy Court,368
Dexter,352 Montana Street,170
Blackbird,026 High Crossing Park,452
Beilfuss,0723 Hintze Crossing,522
Schiller,0373 Grayhawk Drive,702
Tennyson,2587 Green Ridge Junction,464
Dunning,7 Mariners Cove Road,785
Ridgeway,6 Londonderry Drive,925
Macpherson,41 Pawling Hill,574
7th,57 Hayes Plaza,772
Carey,924 Charing Cross Terrace,649
Graceland,27351 Everett Avenue,889
Macpherson,5 Lerdahl Terrace,501
Debs,9419 Crownhardt Park,741
Holmberg,85 Emmet Center,229
Independence,3396 Dwight Avenue,961
Red Cloud,0 Merry Road,405
Declaration,755 Mcbride Avenue,654
Onsgard,02789 Nevada Hill,878
Dexter,9 Jenifer Circle,565
Darwin,136 Prairie Rose Road,962
Dexter,04971 Fair Oaks Alley,346
Prairie Rose,57044 Kenwood Lane,554
Coleman,33 Monterey Alley,630
Macpherson,0663 Raven Road,520
Beilfuss,7480 Lien Pass,130
Monterey,9 Clemons Street,978
Wayridge,10994 Acker Lane,798
Loeprich,1894 Melrose Hill,755
Macpherson,83 Heffernan Parkway,76
Crowley,9176 Eastlawn Pass,422
Coleman,1859 Sheridan Hill,891
Basil,59 Goodland Way,660
Longview,5661 Sullivan Park,484
Riverside,825 Sachs Road,72
Blackbird,492 Del Mar Alley,193
Clove,48787 Fisk Point,417
Riverside,03 Tomscot Drive,196
Debs,9 Coleman Point,243
Tennyson,32717 Crowley Avenue,633
Crowley,546 Trailsway Trail,125
Blackbird,2 Westend Avenue,971
Ridgeway,79 Eggendart Point,384
Clove,22 Redwing Drive,344
Fremont,1928 Troy Point,132
Lotheville,2616 Farwell Parkway,269
Dapin,305 Mcbride Junction,179
Macpherson,63046 Westport Terrace,699
Elka,16 Sutherland Hill,552
Oakridge,2 Loeprich Hill,895
Dapin,1 Norway Maple Place,398
Wayridge,08 Golden Leaf Terrace,135
Larry,306 Montana Trail,129
Debs,6902 Anhalt Pass,442
Blackbird,38 Welch Center,526
Tennyson,842 Armistice Terrace,247
Dapin,9 Mandrake Avenue,485
Mariners Cove,80559 Leroy Road,301
Tennyson,1 Schlimgen Junction,901
Carey,9989 Glendale Crossing,136
Susan,5393 Bartillon Crossing,399
Elka,696 Spohn Circle,231
Blackbird,51980 Susan Circle,88
Riverside,238 Anderson Plaza,797
Crowley,33 Bultman Road,911
Onsgard,84037 Havey Center,681
Debs,543 Everett Drive,103
Gateway,3 Little Fleur Point,695
Mariners Cove,85468 Michigan Center,501
Rusk,6 Milwaukee Trail,593
Buena Vista,2 Susan Place,710
Coleman,42827 Starling Junction,276
Lakewood,1782 Oriole Street,300
Tennyson,1 Muir Alley,643
Northport,27 Mitchell Drive,898
Holmberg,063 Macpherson Court,408
Dexter,649 Northport Road,456
Arizona,476 Thierer Parkway,86
Gateway,12135 Marcy Road,742
Oakridge,38 Lake View Terrace,494
Cardinal,05 Hansons Drive,709
Larry,4472 Claremont Parkway,777
Cordelia,733 Kensington Drive,298
Ridgeway,763 Jay Street,926
Lotheville,22 Village Green Plaza,162
Dapin,744 Troy Parkway,880
Lakewood,92 Darwin Hill,344
Susan,6 Sunnyside Lane,379
Lotheville,025 Amoth Street,161
Dwight,23693 Ryan Way,797
Tennyson,83130 Sachtjen Junction,722
Macpherson,09 Anthes Park,535
Ridgeway,10724 Ridgeview Park,702
Riverside,4 Pankratz Lane,700
Coleman,48 Northland Junction,935
Lakewood,14026 Florence Crossing,767
Wayridge,54202 Mariners Cove Parkway,938
Darwin,493 Vahlen Terrace,803
Fremont,087 Laurel Parkway,355
Onsgard,29 7th Crossing,994
Cardinal,6 Meadow Vale Park,705
Cardinal,87 Pierstorff Street,250
Oneill,09 Rieder Crossing,296
Tennyson,457 Cody Crossing,232
Larry,6 Saint Paul Plaza,916
Elka,22692 Towne Road,674
7th,11666 Eagle Crest Point,816
2nd,0822 David Pass,93
Logan,1306 Monument Lane,170
Oneill,677 Farmco Junction,750
Oakridge,18660 Oriole Alley,328
Dapin,160 Dakota Crossing,599
Schiller,783 Brentwood Plaza,908
Mariners Cove,79332 Pawling Pass,418
Basil,26895 Golf View Park,291
Coleman,939 Mccormick Place,609
Graceland,80 Grim Alley,621
Oneill,23373 Sauthoff Plaza,721
Lakewood,6 Sutteridge Alley,945
Macpherson,123 Mallard Way,204
Schiller,277 Cascade Circle,385
Coleman,05251 Evergreen Avenue,708
Longview,33 Nobel Hill,392
Dwight,1 Little Fleur Lane,966
Logan,1185 Grasskamp Terrace,223
Elka,265 Maywood Park,386
Artisan,2 Katie Point,412
Ridgeway,71 Roxbury Place,682
Debs,7450 Hintze Street,734
Monterey,7 Norway Maple Road,244
Fremont,4967 Rigney Drive,122
Fremont,63392 Truax Terrace,664
Susan,8 Golf View Plaza,781
Oakridge,366 Amoth Parkway,483
Gateway,787 Dottie Parkway,810
Declaration,3 Ramsey Point,113
Carey,281 Oriole Plaza,322
Oakridge,46 Maywood Trail,128
Basil,9660 Petterle Lane,930
Dapin,0646 Hazelcrest Trail,535
Declaration,553 Merrick Road,53
7th,092 Debs Terrace,538
Loeprich,44014 Sherman Junction,440
Carey,4 Buena Vista Point,682
Buena Vista,34108 Hazelcrest Lane,1000
Crowley,5903 Twin Pines Lane,931
Ridgeway,816 Novick Point,503
Riverside,820 Schmedeman Terrace,922
Gateway,58411 Kropf Avenue,74
Graceland,81911 Mayer Road,963
Longview,6 Ridgeway Point,834
Lotheville,64 Dovetail Plaza,357
Cordelia,4028 Service Alley,318
Holmberg,0600 Glacier Hill Street,274
Clove,50583 Hoard Lane,730
Tennyson,5150 Butterfield Avenue,186
Cordelia,29 Lunder Trail,656
Oakridge,225 Eastwood Center,261
Graceland,3 Green Road,209
Arizona,1 Jackson Park,69
Coleman,325 Badeau Point,51
Basil,5916 Londonderry Drive,853
Dexter,205 Maple Parkway,336
Dwight,038 East Place,922
Buena Vista,7 Browning Hill,687
Oakridge,029 Golf View Park,734
Independence,99 3rd Drive,555
Artisan,160 Bartillon Trail,177
Debs,33 Debra Junction,990
Darwin,8843 West Lane,111
Mariners Cove,53635 Bluejay Center,945
Buena Vista,90 7th Crossing,138
Wayridge,707 Blue Bill Park Point,611
Longview,15016 Golf Course Avenue,174
Independence,98 Ludington Crossing,665
Arizona,33827 Rusk Plaza,114
Cardinal,0974 Cascade Drive,829
Dapin,2386 Gale Pass,501
Darwin,3267 Emmet Court,415
Monterey,5856 Dexter Junction,736
Dwight,82 Russell Place,692
Larry,8222 Nobel Crossing,536
Basil,4187 Westerfield Drive,883
Tennyson,95326 Sage Place,186
Lotheville,60 Forest Dale Place,774
Artisan,8 Green Ridge Pass,592
Gateway,66 Bunting Circle,762
Artisan,1 Mifflin Park,86
Darwin,94851 Comanche Park,319
Debs,5689 Vidon Place,139
Darwin,93 Elka Place,897
Logan,18328 Grayhawk Center,890
Darwin,2 Morrow Road,119
Elka,0 Reinke Way,750
Ridgeway,78 Springs Pass,247
Red Cloud,284 Farragut Road,186
7th,167 Bartelt Place,76
Darwin,5 Northport Avenue,856
Logan,22314 Hoepker Terrace,665
Logan,5 Bartelt Terrace,136
Monterey,89 Pawling Crossing,111
Schiller,951 Lotheville Avenue,271
Lotheville,55 Straubel Point,265
Arizona,03 Sommers Circle,421
Dexter,298 Onsgard Pass,918
Clove,5946 Bultman Terrace,187
Graceland,22 Gale Trail,560
Holmberg,73148 Dwight Park,395
Riverside,6 Fordem Center,648
Tennyson,9 Hagan Street,217
Elka,6360 Gina Trail,894
Wayridge,0 Anthes Junction,769
Red Cloud,88023 Hovde Lane,733
Declaration,2029 Union Street,140
Oakridge,3857 Thierer Circle,807
Oakridge,3525 Eagle Crest Crossing,949
Wayridge,42713 Chinook Pass,172
Cordelia,26560 Village Terrace,710
Holmberg,2 Gulseth Park,1000
Elka,40620 Lotheville Place,716
Cardinal,74 Kedzie Point,238
2nd,8 Mallory Point,429
Independence,50376 Barnett Pass,595
Macpherson,29 North Junction,95
Elka,5 Bunting Court,851
Longview,9 Dennis Trail,754
2nd,1143 Bultman Hill,52
Coleman,9239 Oriole Pass,335
Monterey,234 Merrick Center,884
Susan,266 Jenna Place,797
Cardinal,26730 6th Junction,277
Monterey,77300 Texas Way,88
Red Cloud,99 Forest Junction,422
Susan,91 Village Parkway,288
Debs,962 Randy Road,914
Crowley,418 Manitowish Road,685
Holmberg,48760 Buell Junction,546
Onsgard,9 Northview Trail,415
Blackbird,22 Washington Park,818
Darwin,51 Derek Court,212
Darwin,6 Village Drive,819
Loeprich,3023 Mayfield Junction,629
Riverside,70656 Bartelt Pass,758
Oakridge,7 Blackbird Place,933
Rusk,8644 Raven Place,572
Debs,2980 Green Ridge Parkway,613
Clove,7 1st Road,628
Oneill,3 Sullivan Street,695
Longview,48232 Mockingbird Crossing,240
Prairie Rose,01 Melvin Crossing,659
Larry,2443 Trailsway Street,303
Dunning,86 Almo Way,307
Declaration,7664 Westport Crossing,972
Prairie Rose,204 Sunfield Crossing,330
Wayridge,65 Springview Pass,549
Prairie Rose,9175 Dayton Crossing,495
Blackbird,137 Larry Avenue,188
Buena Vista,8 Garrison Terrace,585
Cordelia,1 Ramsey Circle,911
Crowley,94378 Novick Crossing,848
Holmberg,6 Northland Way,638
Debs,6553 Northridge Place,513
7th,9816 Anderson Circle,491
Darwin,36 Summit Parkway,754
Lakewood,01134 Kings Avenue,325
Loeprich,984 Summer Ridge Alley,652
2nd,61842 New Castle Trail,240
Rusk,936 Thierer Terrace,530
Susan,316 Bayside Center,777
Buena Vista,4 Debs Place,688
Monterey,20 Schurz Drive,880
Lotheville,4767 Meadow Valley Parkway,242
Schiller,87 Thompson Terrace,797
Buena Vista,35 Merry Drive,447
Wayridge,447 Cody Point,238
Graceland,454 Roth Circle,766
Blackbird,55590 Spohn Junction,406
Mariners Cove,59650 Oxford Crossing,591
Loeprich,1 Kipling Junction,487
Red Cloud,01 Meadow Ridge Court,788
Carey,678 Eastlawn Alley,546
Dwight,54 Maple Court,926
Macpherson,5444 Pennsylvania Road,590
7th,56574 Welch Trail,280
Elka,493 Arrowood Crossing,612
2nd,19 Chive Pass,61
2nd,77912 Hanover Drive,469
Rusk,93112 Truax Alley,943
Logan,49536 Eliot Court,334
Riverside,9 Bartillon Avenue,52
Logan,052 Algoma Point,434
Longview,43034 Toban Park,780
Cordelia,873 Fair Oaks Terrace,266
Darwin,52 Lillian Avenue,122
Buena Vista,1168 Melrose Junction,970
Darwin,68 Dottie Parkway,130
Coleman,14984 Green Lane,431
Artisan,2086 Porter Hill,822
Debs,4952 Marcy Place,972
Dunning,998 Golf Course Trail,708
Loeprich,0372 Dakota Point,354
Monterey,7 Di Loreto Park,809
Elka,953 Twin Pines Plaza,576
Logan,52 Banding Terrace,584
Debs,924 Maple Wood Pass,259
Holmberg,99 Eagan Crossing,227
Riverside,29 Kedzie Place,868
Macpherson,2 Shasta Lane,110
Dwight,2508 Anderson Park,106
Rusk,5 Main Terrace,107
Carey,155 Thompson Park,677
Macpherson,7 Florence Alley,315
Riverside,22 Old Shore Lane,868
Oakridge,903 South Circle,259
Independence,05159 Eliot Court,364
Cardinal,08281 Northport Center,988
Oakridge,92870 Hauk Street,640
Northport,4 Sundown Hill,485
Basil,10846 Killdeer Crossing,776
Prairie Rose,5 Sunnyside Hill,66
Prairie Rose,2870 7th Alley,918
Red Cloud,4547 Delladonna Junction,489
Rusk,3663 Anhalt Hill,783
Onsgard,6782 Main Terrace,984
Cordelia,251 Lighthouse Bay Street,742
Wayridge,1 Monterey Circle,292
Lakewood,4420 American Ash Parkway,571
Clove,4163 Thierer Trail,855
Riverside,494 6th Alley,819
Lotheville,98385 Sutherland Parkway,485
Wayridge,87337 Fisk Center,592
Cordelia,2935 Cascade Way,406
Independence,36678 Crowley Hill,975
Cordelia,17167 Beilfuss Park,759
Riverside,377 Morning Center,109
Coleman,9835 Main Lane,338
Buena Vista,4 Arrowood Alley,467
2nd,3 Michigan Place,595
Lakewood,370 Anhalt Center,863
Buena Vista,427 Caliangt Circle,969
Oneill,75931 Chive Alley,252
Red Cloud,6 Upham Road,624
Macpherson,36295 Thackeray Street,979
Gateway,380 Becker Avenue,233
Larry,87094 Sheridan Avenue,960
Schiller,6 Duke Lane,366
Loeprich,4 Menomonie Way,858
Gateway,4 Crownhardt Alley,549
Dexter,4 Lawn Road,598
Lakewood,37837 Oriole Place,105
Oakridge,976 Carioca Point,323
Declaration,6 Bunting Trail,239
Arizona,20394 Rowland Place,957
Oneill,6232 Lien Trail,716
Dunning,74 Dwight Park,836
Debs,31798 Drewry Parkway,862
Arizona,73477 Nevada Way,909
Lotheville,0505 Anthes Way,974
Tennyson,6 Arapahoe Point,126
Ridgeway,03 Arizona Point,686
Dwight,06482 Michigan Point,439
Beilfuss,4 Homewood Circle,89
Rusk,41123 Badeau Park,915
Beilfuss,3546 Hazelcrest Plaza,479
Riverside,9 Toban Plaza,662
Crowley,614 Kropf Center,204
Debs,98918 Iowa Circle,277
Crowley,5467 Mendota Court,265
Schiller,60 Swallow Alley,165
Mariners Cove,2 High Crossing Trail,706
Oakridge,151 Kinsman Park,242
Beilfuss,86079 Sachtjen Terrace,99
Longview,698 Vermont Lane,559
Wayridge,80519 Mcbride Avenue,556
Graceland,5 Oriole Street,224
Graceland,172 Sutherland Lane,148
Darwin,42 Luster Plaza,545
Declaration,770 Merry Road,394
Wayridge,8 John Wall Court,983
Dexter,55 Northridge Court,567
Fremont,695 Holy Cross Point,620
Clove,1 Dryden Plaza,869
Longview,0 Lien Point,62
Arizona,45891 Talisman Circle,384
Holmberg,96418 Welch Pass,95
Graceland,9862 Village Place,848
Elka,9238 Sugar Way,952
Arizona,80 Delaware Circle,104
Cardinal,7 5th Junction,303
Debs,541 Loeprich Hill,360
Oakridge,27330 Caliangt Junction,694
Schiller,9 Mcbride Way,335
Lakewood,942 Village Plaza,556
Declaration,5 Montana Court,673
Tennyson,343 Mayer Terrace,794
Buena Vista,4560 Moland Hill,255
Longview,90 Arapahoe Terrace,683
Rusk,93120 Washington Street,128
Cardinal,7280 Larry Lane,74
Gateway,5 Gulseth Avenue,934
Larry,6628 Sugar Junction,271
Wayridge,885 Briar Crest Way,744
Oakridge,51 Arizona Trail,483
Oakridge,7 Aberg Place,859
Lotheville,1 Alpine Pass,433
Rusk,27 Pine View Terrace,528
Beilfuss,7949 8th Road,850
Macpherson,22869 Eastwood Park,91
Longview,5 Rockefeller Avenue,499
2nd,77 Declaration Way,199
Fremont,65 Dwight Road,142
Clove,0907 Donald Park,684
Logan,9 Mayer Road,383
Monterey,6511 Briar Crest Junction,892
Onsgard,7 Lakewood Parkway,295
Declaration,587 Thompson Terrace,414
Dexter,857 Muir Terrace,93
Macpherson,334 Melody Road,633
Riverside,12 Tennyson Center,374
Ridgeway,2991 Doe Crossing Drive,673
Mariners Cove,7745 Sunfield Lane,306
Gateway,13454 Pierstorff Parkway,744
Carey,82 Mayer Hill,164
Dexter,08 Arapahoe Junction,129
Oakridge,3248 North Point,829
Schiller,83371 North Crossing,126
Artisan,3 Springview Place,466
Northport,995 Thompson Pass,292
Mariners Cove,96 Myrtle Hill,350
Northport,35620 Manley Terrace,911
Buena Vista,9080 Macpherson Circle,242
Larry,5 Hermina Alley,160
Wayridge,0429 Coolidge Parkway,250
Dexter,37 Hanover Road,857
Riverside,28 Sommers Center,614
Lakewood,2 Hoffman Parkway,568
Oneill,9 Delaware Place,729
Onsgard,35116 Del Mar Lane,323
Larry,00714 Almo Crossing,394
Monterey,11 Homewood Point,626
Artisan,11250 Warbler Court,477
Artisan,551 Sunbrook Road,59
Beilfuss,3 Village Center,320
Lotheville,7953 Clarendon Plaza,982
Fremont,7487 Ridge Oak Lane,205
Dexter,61328 Muir Place,729
Blackbird,098 Golf Course Center,61
Northport,40454 Hovde Place,216
Prairie Rose,1412 Claremont Way,836
Clove,18 Jay Road,890
Lakewood,12 Starling Plaza,563
Carey,47895 Brown Street,463
Oneill,5 Algoma Lane,787
Onsgard,44897 Armistice Crossing,359
Riverside,3491 Kipling Way,540
Macpherson,7649 Wayridge Center,716
Declaration,4 Maple Wood Terrace,372
Dapin,0 Orin Avenue,148
Logan,65 Merry Road,441
Oakridge,3 Upham Pass,612
Holmberg,4 Oriole Parkway,610
Clove,3 Jenifer Pass,635
Independence,92 Brentwood Circle,399
Independence,7 3rd Way,182
Cardinal,91475 Menomonie Park,426
Susan,68 Glendale Court,332
Oneill,0 Loeprich Point,193
Oakridge,8 Oneill Terrace,925
Coleman,5 4th Alley,976
Elka,76352 Kropf Alley,819
Schiller,8 Nelson Avenue,317
Monterey,65 Maple Wood Avenue,341
Lakewood,886 Parkside Center,569
Declaration,362 Lighthouse Bay Circle,612
Mariners Cove,1 Armistice Avenue,805
Basil,26 Lakewood Gardens Circle,806
Dexter,1 Sachtjen Parkway,481
Crowley,50803 Eastwood Center,384
Declaration,75588 Mcguire Avenue,563
Dunning,84414 Melrose Park,769
Oakridge,3 Laurel Alley,399
Artisan,270 Mayfield Point,414
Monterey,7365 Drewry Road,219
Loeprich,721 Dunning Crossing,513
Graceland,21 Merrick Drive,782
Monterey,703 Manley Lane,654
Graceland,9 Division Park,260
Susan,952 Nelson Circle,199
Graceland,636 Browning Hill,962
Carey,1 Waubesa Circle,127
Lakewood,3 1st Avenue,617
Cordelia,74 Monterey Center,129
Fremont,78 Loftsgordon Road,270
Artisan,0 Carey Terrace,294
Coleman,85 Kingsford Street,211
Ridgeway,5 Talisman Plaza,819
Gateway,3 New Castle Circle,734
Monterey,19020 Continental Way,805
Declaration,97221 Orin Terrace,634
Oneill,1607 Springview Center,601
Monterey,48 Dryden Street,660
Onsgard,59 Muir Drive,453
Mariners Cove,57 Crescent Oaks Alley,830
Coleman,633 Union Court,240
Prairie Rose,02431 Burrows Road,349
Prairie Rose,22628 Moose Place,195
Logan,765 Towne Circle,756
Basil,4 Prentice Center,692
Coleman,6255 Valley Edge Hill,398
Red Cloud,1 Bluejay Terrace,348
Dwight,70620 Alpine Trail,281
Arizona,318 Westport Junction,744
Dexter,31 Golf View Place,88
Independence,18768 Jenifer Place,742
Beilfuss,0 Village Green Plaza,50
Macpherson,745 Amoth Junction,88
Dapin,0962 Saint Paul Terrace,364
Holmberg,5464 Crest Line Hill,511
Graceland,57400 Crescent Oaks Court,63
Dapin,4389 Anhalt Street,70
Loeprich,5 Fallview Avenue,980
Rusk,6 Logan Avenue,777
Wayridge,74 Iowa Road,591
Arizona,7426 Continental Plaza,115
Carey,1 Londonderry Park,62
Basil,218 Arkansas Hill,674
Dexter,8886 Truax Place,798
7th,32 Toban Court,470
2nd,0448 Becker Avenue,658
Crowley,0 Hintze Court,208
Cordelia,48496 3rd Place,100
Northport,937 Grover Hill,429
7th,41 Rowland Drive,730
Monterey,03 Garrison Parkway,489
Darwin,78606 Milwaukee Street,685
Logan,2 Colorado Crossing,756
Oakridge,760 Lakewood Gardens Junction,59
7th,0 Lighthouse Bay Trail,960
Dexter,28013 Southridge Hill,108
Cardinal,754 Debs Terrace,721
7th,33726 Cambridge Junction,697
Elka,84174 Hovde Plaza,984
Longview,37 Moland Parkway,774
Lakewood,20647 Bluestem Terrace,954
Clove,54 American Ash Drive,220
Beilfuss,42 Rusk Circle,686
Buena Vista,54679 Tennyson Trail,169
Prairie Rose,07669 Caliangt Park,566
Dapin,795 Fair Oaks Point,849
Clove,29644 Derek Parkway,198
Independence,3 Lindbergh Plaza,534
Beilfuss,122 Fairfield Road,922
Riverside,61 Victoria Way,985
Elka,58575 Petterle Court,391
Artisan,4 5th Trail,208
Northport,97865 Nancy Crossing,293
Fremont,4115 Barnett Pass,299
Declaration,84268 6th Street,430
Wayridge,242 Artisan Pass,680
Basil,20 Knutson Junction,204
Cardinal,17699 Lotheville Circle,355
Dapin,8 Larry Center,256
Darwin,242 Pepper Wood Lane,59
Schiller,2147 Arrowood Pass,271
Lotheville,185 Cordelia Plaza,600
Clove,668 East Place,62
Holmberg,7139 High Crossing Alley,78
Elka,13090 Village Pass,914
Logan,81 Service Court,132
Lakewood,625 Grim Junction,985
Debs,22 Redwing Center,712
Onsgard,5 Fulton Park,58
Crowley,47825 Sutherland Pass,968
Elka,06774 Garrison Road,240
Coleman,356 Mcbride Park,368
Susan,67507 Dryden Parkway,479
Logan,19788 Pearson Place,897
Beilfuss,2 Calypso Drive,621
2nd,346 Haas Crossing,580
Oneill,7 Birchwood Trail,998
Arizona,5497 Messerschmidt Center,481
Ridgeway,0 Graedel Parkway,812
Blackbird,78 Marquette Lane,836
Onsgard,44149 Elka Avenue,298
Fremont,97 Talisman Pass,986
Riverside,135 Kennedy Place,853
Holmberg,0399 Claremont Street,342
Cardinal,704 Corscot Plaza,883
Debs,03301 Ilene Parkway,657
Elka,0 Atwood Junction,99
Schiller,88905 Lunder Hill,509
Larry,8 Forster Pass,483
Northport,98 Sutherland Court,119
Artisan,713 Bluejay Junction,873
Coleman,51 Clove Lane,659
Cordelia,70 Ramsey Pass,885
Ridgeway,2 Orin Hill,133
Red Cloud,93617 3rd Alley,960
Mariners Cove,1771 Mesta Lane,925
Independence,6 Waubesa Parkway,576
Wayridge,87841 Del Sol Park,954
Northport,59 Lindbergh Road,865
Blackbird,3052 Valley Edge Street,108
Independence,9247 Hayes Crossing,544
Dapin,86 Cascade Lane,983
Arizona,8166 Clemons Terrace,166
Fremont,92 Claremont Trail,432
Crowley,693 Arapahoe Place,640
Dwight,2971 Sage Drive,155
Oakridge,6 Bay Plaza,344
Blackbird,492 Hallows Way,950
Schiller,7276 American Ash Center,568
Red Cloud,80 Artisan Avenue,822
Crowley,8 Kinsman Park,149
Basil,8757 Sage Place,538
Dapin,54338 Graceland Street,286
Declaration,0180 Reindahl Crossing,790
Northport,75319 Banding Alley,570
Riverside,1752 Loftsgordon Park,119
Dexter,58974 Fairfield Terrace,122
Susan,80 Saint Paul Crossing,206
2nd,814 Ludington Road,649
Blackbird,80388 Stoughton Court,437
Monterey,12223 Bunker Hill Center,972
Basil,41 Lakewood Gardens Street,83
Larry,43 Crowley Court,546
Coleman,810 Annamark Avenue,142
Debs,113 Del Sol Road,312
Arizona,9 Walton Avenue,915
Larry,19935 Sunfield Crossing,295
Artisan,98 Melvin Lane,726
Lotheville,95545 Graceland Alley,74
Oakridge,54720 Melby Terrace,952
Susan,19084 Evergreen Drive,101
Declaration,1806 Dunning Junction,748
Ridgeway,399 Hansons Junction,57
Declaration,821 Hagan Road,366
Coleman,23990 Mariners Cove Court,348
Monterey,834 7th Crossing,494
Onsgard,96077 Talmadge Circle,645
Beilfuss,14444 Armistice Pass,916
Schiller,23 Declaration Trail,986
Red Cloud,478 Crownhardt Place,627
Fremont,64 Bultman Crossing,329
Oneill,6 Fremont Crossing,60
Declaration,8 Norway Maple Parkway,232
Longview,71 Buhler Parkway,723
Oneill,6 Reinke Court,144
Coleman,5 Eastwood Center,598
Oakridge,455 Mosinee Drive,951
Schiller,27452 Center Junction,75
Crowley,34436 Lakewood Circle,584
Northport,7 Pond Plaza,529
Longview,4778 Elgar Hill,367
2nd,123 Di Loreto Lane,577
Loeprich,7 1st Pass,586
Macpherson,383 Hazelcrest Lane,150
Monterey,5420 Harper Hill,731
Red Cloud,41 Oak Alley,211
Beilfuss,83 Golf Lane,976
7th,3069 Dahle Park,167
Crowley,857 Mifflin Pass,519
Independence,25197 Nova Road,922
Coleman,2701 Lakeland Trail,83
Oakridge,890 La Follette Center,641
Loeprich,7388 Lindbergh Terrace,366
2nd,923 Lakewood Pass,438
Prairie Rose,5 Weeping Birch Court,375
Oneill,73501 Thackeray Circle,402
Carey,217 Forest Dale Court,142
Logan,89391 Alpine Road,236
Oneill,925 Lien Road,142
Beilfuss,048 Redwing Parkway,113
Onsgard,4412 Mandrake Point,498
Arizona,0824 Crowley Point,787
Crowley,759 Chive Park,436
Clove,95626 Service Trail,827
Cordelia,351 Acker Alley,802
Darwin,1808 Macpherson Place,588
Monterey,5840 Jenifer Pass,566
Tennyson,84 Mitchell Parkway,880
Lakewood,6 Sloan Lane,771
Northport,7434 Luster Circle,803
Buena Vista,20135 Kensington Plaza,521
Blackbird,0096 Logan Crossing,513
Artisan,39 Shoshone Place,535
Darwin,8 Lawn Center,745
Northport,963 Algoma Way,635
Onsgard,3 Moose Place,177
Riverside,0718 Prairie Rose Plaza,985
Loeprich,133 Hoffman Street,210
Lakewood,914 Kim Place,841
Fremont,2902 Waywood Place,95
Tennyson,342 Northwestern Court,665
Red Cloud,026 Sheridan Pass,285
2nd,06524 Blue Bill Park Street,778
Coleman,079 Algoma Way,238
Gateway,20 Magdeline Junction,461
Schiller,2546 Loeprich Junction,141
Arizona,72866 Knutson Parkway,63
2nd,1 Arizona Hill,384
Basil,4 Myrtle Center,195
Cardinal,59 Paget Point,792
Dunning,4590 Lunder Avenue,94
7th,1859 Menomonie Lane,866
Fremont,6613 Green Ridge Trail,785
Artisan,0 Superior Point,169
Cardinal,1811 Veith Lane,460
Declaration,3 6th Junction,172
Lakewood,9 Armistice Place,664
Logan,184 Huxley Parkway,928
Carey,11 Namekagon Drive,580
7th,95679 Donald Way,589
Wayridge,707 Jenifer Point,270
Artisan,73 Roxbury Junction,887
Macpherson,02052 Eastwood Court,662
Larry,05341 Village Green Terrace,898
Northport,302 Stoughton Pass,889
Elka,8 Garrison Terrace,444
Lotheville,06 Ohio Trail,591
Elka,828 Rieder Drive,382
Red Cloud,9672 Doe Crossing Hill,989
Crowley,61 Sheridan Way,118
2nd,9364 Lakewood Park,985
Gateway,47 Old Shore Road,375
Buena Vista,295 Sloan Center,182
Coleman,8180 Meadow Valley Drive,900
Graceland,84333 Northwestern Trail,278
Tennyson,9 Towne Circle,376
Dwight,996 Darwin Hill,64
Lakewood,9739 Maple Park,593
Elka,8 Debra Circle,916
Dwight,51 Alpine Pass,842
Darwin,213 Corscot Place,397
Cordelia,97 Knutson Alley,564
Blackbird,0590 Merry Plaza,97
Elka,3 Meadow Valley Street,180
2nd,1008 Iowa Place,821
Wayridge,343 Onsgard Street,553
Fremont,5198 Lunder Plaza,891
Red Cloud,38 Arrowood Avenue,713
Crowley,324 Golden Leaf Lane,218
Gateway,9 Linden Lane,256
Dexter,075 Golf Avenue,392
Ridgeway,66 Bashford Way,373
2nd,8 North Court,749
Gateway,6 Colorado Lane,772
Dexter,5008 Maryland Plaza,779
Susan,69 Victoria Way,498
Beilfuss,19 Novick Street,73
Schiller,35 Mallory Street,984
Artisan,455 Dayton Place,750
Ridgeway,17537 Burrows Circle,98
Darwin,81222 Pleasure Parkway,911
Wayridge,904 Green Lane,906
Cardinal,12610 Gerald Junction,84
Oakridge,7972 Elgar Plaza,373
Elka,8 Fuller Court,159
Darwin,3 Twin Pines Drive,128
2nd,6 Village Green Point,934
Red Cloud,82951 Sutherland Street,197
Elka,5 Kenwood Road,864
Beilfuss,88576 South Junction,126
Rusk,7 Loeprich Pass,366
Arizona,90750 Park Meadow Trail,367
Northport,24483 Dennis Street,930
Clove,867 Manitowish Avenue,793
Elka,183 Butterfield Center,687
Clove,4773 Killdeer Way,647
Dapin,88 Packers Pass,453
Prairie Rose,62160 Ramsey Drive,119
2nd,76821 Sage Drive,131
Clove,25 Marcy Place,136
Dunning,9112 Anhalt Plaza,421
Oakridge,695 Hudson Park,672
7th,1 Clarendon Circle,666
Dexter,73270 Calypso Pass,305
Carey,27120 Springview Circle,587
Blackbird,9766 Graedel Road,225
Graceland,629 Pleasure Point,307
Beilfuss,12 Dunning Lane,272
Elka,2836 Cherokee Street,126
Basil,5321 Huxley Avenue,234
Wayridge,271 Elmside Circle,384
Riverside,1 Swallow Drive,557
Dapin,5 Monument Avenue,102
Onsgard,1 Carioca Pass,399
Longview,7721 Saint Paul Point,563
Rusk,397 Vernon Plaza,665
Buena Vista,2166 Starling Junction,983
Riverside,67 Annamark Place,865
Elka,630 Sutteridge Avenue,645
Buena Vista,5357 South Road,442
Lakewood,7 Pankratz Plaza,325
Elka,348 Twin Pines Point,318
Monterey,9 Dennis Trail,299
Longview,525 Havey Circle,268
Riverside,8 7th Center,694
Beilfuss,57 Lakewood Gardens Road,907
Loeprich,430 Buena Vista Terrace,179
Mariners Cove,1051 Memorial Road,524
Rusk,521 Boyd Place,648
Riverside,396 Magdeline Terrace,348
Darwin,1 Shoshone Circle,275
Susan,6 Fairview Terrace,915
Macpherson,8267 Sunnyside Parkway,87
Loeprich,2 Sugar Parkway,651
Elka,62 Old Shore Avenue,130
Elka,563 Hintze Crossing,721
Prairie Rose,5 Michigan Trail,62
Dwight,4450 Oak Valley Alley,783
Cordelia,4551 Blue Bill Park Pass,144
Mariners Cove,39877 Knutson Lane,968
Clove,6306 Carberry Road,754
Dapin,60 Vermont Crossing,929
Dunning,8 Burning Wood Terrace,877
Dexter,21128 Fair Oaks Pass,319
Fremont,2156 Buhler Place,786
Dapin,26696 Steensland Drive,770
Debs,44 Pepper Wood Junction,702
Oakridge,60 Brentwood Trail,977
Onsgard,03 Memorial Road,233
2nd,6184 Pepper Wood Plaza,177
Northport,75767 Scoville Terrace,573
Monterey,32796 Eagan Drive,116
Onsgard,55 Granby Way,900
Carey,960 Lillian Parkway,480
Ridgeway,2 Miller Street,896
Riverside,63 Farragut Point,921
Crowley,23242 Stephen Park,728
Longview,04620 Fremont Crossing,761
Logan,14767 Fair Oaks Center,305
Monterey,9 Mccormick Parkway,201
Riverside,8512 Rigney Park,164
Clove,7145 Bultman Terrace,810
Blackbird,164 Cascade Way,773
Lotheville,306 Upham Road,289
Lotheville,483 Sunbrook Center,84
Carey,0609 Jackson Place,435
Riverside,76 Hoard Crossing,86
Dexter,20985 Mariners Cove Hill,428
Dexter,01 Reindahl Circle,700
Debs,4193 Valley Edge Circle,830
Blackbird,20776 Pleasure Alley,886
Coleman,50 Oakridge Trail,66
Monterey,1095 Sommers Road,493
Gateway,68 Commercial Hill,187
Northport,283 Kenwood Point,548
Holmberg,50 Stang Center,433
Riverside,371 Morningstar Drive,577
Coleman,2425 Prentice Park,115
Independence,3442 Eggendart Lane,306
Macpherson,090 Schlimgen Junction,275
Mariners Cove,400 Meadow Vale Drive,321
Wayridge,1011 Marcy Drive,988
Riverside,3 Gulseth Crossing,734
Oakridge,592 Sunfield Center,57
Cordelia,826 Lien Center,472
Gateway,810 Bay Street,941
Rusk,51 Spenser Place,410
Rusk,1180 Carioca Avenue,243
Arizona,667 Blaine Avenue,268
Artisan,003 Ryan Point,259
Larry,0984 Schlimgen Terrace,677
Carey,04122 Delaware Plaza,360
Rusk,812 Ronald Regan Parkway,76
Ridgeway,95 Continental Place,836
Fremont,6 Calypso Road,885
Gateway,7380 Bultman Terrace,458
Crowley,908 School Trail,159
Prairie Rose,55083 Johnson Place,54
Cordelia,65 Magdeline Drive,598
Loeprich,0272 Truax Street,865
Coleman,81 Lillian Street,114
Holmberg,17 Little Fleur Terrace,425
Oakridge,8 Roxbury Center,351
Dapin,4705 Larry Court,359
Declaration,959 8th Trail,962
Graceland,7 Eastlawn Plaza,193
Lotheville,84695 Lakeland Lane,164
Darwin,771 Eagan Park,338
Longview,310 Corry Parkway,445
Logan,28 Ridgeway Point,430
Beilfuss,2273 Twin Pines Park,905
Oakridge,66 Crownhardt Hill,894
Susan,75 Golden Leaf Plaza,209
Riverside,1743 Orin Circle,237
Gateway,280 Carpenter Plaza,580
Holmberg,56472 Barby Alley,76
Gateway,5728 Spaight Point,141
Dapin,3594 Carpenter Junction,857
Holmberg,9 Ruskin Street,898
Wayridge,8 Westerfield Plaza,976
Elka,57 Utah Way,639
Basil,26 Emmet Lane,177
Dunning,00 Blaine Point,140
Holmberg,2 Mosinee Court,368
7th,77549 Loomis Center,926
Holmberg,5330 Montana Park,482
2nd,006 Independence Court,474
Onsgard,232 Gale Crossing,940
Elka,93 Roxbury Parkway,754
Elka,878 High Crossing Lane,438
7th,295 Hintze Place,716
Elka,07162 Jenna Alley,986
Declaration,7 Schlimgen Terrace,381
Mariners Cove,4 Milwaukee Court,661
Buena Vista,733 Judy Park,854
2nd,3080 Oak Valley Hill,709
Crowley,6 Melrose Alley,899
Cardinal,306 Chive Lane,96
Loeprich,901 Tomscot Terrace,137
Beilfuss,88901 Bunting Lane,648
Prairie Rose,23 Vernon Point,563
Wayridge,1 Debra Drive,608
Holmberg,5 Brown Circle,477
Elka,7365 Ronald Regan Street,538
Longview,2699 Jay Road,669
Oakridge,048 Bunting Point,90
Prairie Rose,7 Schurz Road,777
Longview,07 Springview Junction,143
Dwight,17 Kropf Way,842
Susan,532 Meadow Valley Center,63
Schiller,1658 Mesta Pass,861
Logan,891 Moose Road,131
Dunning,558 Rowland Pass,833
Schiller,0 Rigney Park,353
Coleman,5 Burning Wood Court,271
Riverside,6226 Mayfield Center,710
Schiller,927 Glacier Hill Crossing,111
Cardinal,93370 Vidon Park,779
7th,375 Coleman Pass,84
Arizona,179 Troy Way,679
Macpherson,48552 Hoffman Lane,307
Prairie Rose,5 Del Mar Avenue,962
Dapin,00233 Valley Edge Point,845
Dapin,025 Carpenter Center,946
Lakewood,0117 Erie Crossing,505
Lakewood,48 Service Court,406
Clove,6 Continental Crossing,540
Longview,690 Birchwood Point,354
Declaration,34 Maple Wood Lane,883
Rusk,2 Arrowood Court,511
2nd,014 Sugar Way,814
Crowley,8 Bowman Drive,484
Loeprich,7123 Carey Hill,193
Riverside,683 Del Sol Center,137
Declaration,51 Hoffman Parkway,785
Dexter,947 3rd Crossing,687
Loeprich,41 Mesta Crossing,278
Clove,3561 Grim Drive,380
Macpherson,2 Tomscot Park,458
Blackbird,60 Waubesa Crossing,863
Oneill,0683 East Place,197
Rusk,08 Northview Point,222
Cordelia,1 Elmside Plaza,504
Fremont,281 Talisman Plaza,548
Northport,3 Larry Parkway,933
Elka,38 Columbus Pass,983
Basil,15 Heath Hill,554
Oneill,143 Golf Course Avenue,904
Lakewood,8654 Old Gate Place,927
Declaration,17633 Longview Alley,419
Loeprich,8 Upham Street,308
Blackbird,5051 Ilene Drive,386
Dexter,95309 Mallory Road,396
Declaration,31859 Sauthoff Parkway,82
Cardinal,6 Heffernan Parkway,594
Northport,68 Kedzie Crossing,312
Carey,111 Surrey Hill,520
Gateway,23 Del Sol Parkway,892
Wayridge,3 Alpine Trail,189
Lakewood,45663 Ruskin Parkway,600
Wayridge,5194 Dayton Junction,702
Mariners Cove,9 Tennessee Plaza,645
Elka,867 Dunning Street,146
Graceland,976 Ridgeway Point,729
Onsgard,520 Loftsgordon Trail,658
Macpherson,928 Kipling Parkway,182
Schiller,997 Fordem Circle,676
Fremont,9691 Transport Park,982
Rusk,73 Merchant Park,209
Cordelia,1 Daystar Hill,782
Northport,55873 Superior Trail,419
7th,55113 Starling Lane,378
Mariners Cove,3 Sunnyside Center,73
Crowley,58 Ridge Oak Parkway,492
Elka,52211 Karstens Court,559
Buena Vista,5 Hermina Alley,815
Dapin,01 Clyde Gallagher Crossing,67
Prairie Rose,9484 Drewry Drive,342
Oakridge,35558 Acker Court,451
Riverside,9 Homewood Junction,512
2nd,3106 Towne Avenue,916
Tennyson,45 Michigan Pass,280
Schiller,0 Stuart Trail,438
Northport,57 Lerdahl Parkway,375
Lakewood,8393 Mayer Drive,665
Tennyson,4473 David Crossing,963
Mariners Cove,875 Heath Alley,670
Carey,5 Melvin Lane,319
Macpherson,676 Milwaukee Park,129
Susan,06734 Monica Road,83
Debs,67 International Pass,731
Clove,43 Nobel Court,91
Rusk,9 Sloan Way,747
Clove,5 School Court,421
Larry,4 Bultman Plaza,158
Logan,19 Sachtjen Hill,885
Wayridge,04 Southridge Place,956
Wayridge,25575 Bluestem Court,149
Lakewood,60 Fallview Plaza,86
Schiller,5599 Corben Lane,497
Basil,1536 Lotheville Drive,695
Debs,58 Toban Park,385
Prairie Rose,550 2nd Avenue,856
Blackbird,47 Maple Plaza,75
Elka,63 Warrior Terrace,104
Ridgeway,604 Miller Pass,95
Oakridge,88881 Village Crossing,409
Oneill,612 Acker Lane,649
Onsgard,5 Dexter Pass,302
Larry,037 Northview Point,354
Debs,94027 Ramsey Lane,758
Larry,5 Pawling Street,384
Artisan,167 Summer Ridge Drive,439
Dapin,74 Golf Course Drive,587
Northport,75982 Mccormick Alley,209
Prairie Rose,5774 Waubesa Terrace,522
Arizona,5256 Mayer Alley,639
Rusk,19579 Dottie Alley,230
Ridgeway,384 Golden Leaf Point,249
Arizona,8998 Prairieview Point,661
7th,63 Northridge Lane,430
2nd,5 Prairieview Lane,590
Elka,760 3rd Hill,61
Elka,425 Hanover Plaza,780
Arizona,8340 Nevada Plaza,805
Buena Vista,36 Saint Paul Way,939
Cordelia,011 Commercial Point,339
Blackbird,8 Harbort Lane,904
Susan,7625 Hoard Lane,253
Rusk,98 Vera Avenue,194
7th,75 Utah Crossing,470
Buena Vista,7044 Lien Trail,201
Cardinal,9566 Old Shore Alley,592
Macpherson,6 Arrowood Street,345
Beilfuss,8 Sunnyside Street,283
Longview,77117 Thompson Court,61
Basil,59022 Almo Crossing,967
2nd,8 Jay Point,175
Wayridge,09 Londonderry Point,240
Red Cloud,365 Sloan Junction,800
Riverside,5778 Lake View Plaza,325
Independence,1409 Maple Wood Parkway,989
Dwight,86 Ridgeway Alley,443
Loeprich,0 Mosinee Trail,334
Longview,28633 Vernon Crossing,57
Red Cloud,35 Corben Park,211
Buena Vista,9881 Goodland Way,828
Holmberg,13 Service Street,476
Dwight,44776 Killdeer Lane,831
Clove,9750 Emmet Alley,729
Declaration,8020 Morrow Terrace,298
Monterey,6 Melby Way,315
2nd,1422 Jenna Crossing,177
Loeprich,4136 Maple Circle,708
Red Cloud,2 Rigney Road,546
Lotheville,92 Blaine Circle,825
Rusk,2 Forster Alley,981
Gateway,89 Moulton Park,408
Onsgard,1 Old Shore Court,785
Longview,404 Bunker Hill Alley,421
2nd,08834 Butterfield Street,626
Basil,028 Holy Cross Trail,165
Clove,21547 Basil Circle,728
Blackbird,84810 Novick Court,909
Independence,904 Doe Crossing Junction,977
Longview,3 Buell Street,124
Tennyson,6 Charing Cross Trail,394
Susan,235 Prairie Rose Pass,592
Dwight,0 Stone Corner Park,283
Rusk,5 Nancy Court,180
Dunning,7591 Badeau Parkway,591
Debs,76 Hudson Street,346
Arizona,8 Lillian Hill,760
Prairie Rose,5 Ramsey Alley,599
Dapin,4 Grim Street,384
Arizona,9 Armistice Place,869
Mariners Cove,50 Meadow Ridge Road,65
Elka,4428 Towne Park,962
Rusk,826 Caliangt Court,539
Blackbird,0 Scott Lane,99
Buena Vista,49 Sutherland Center,276
Ridgeway,3 Kinsman Way,747
2nd,274 Old Shore Pass,473
Clove,8 Orin Point,514
Independence,898 Texas Parkway,838
Arizona,65918 Rusk Hill,907
Carey,23 American Ash Circle,604
Beilfuss,79 Mariners Cove Place,82
Cordelia,849 Sutherland Park,958
Wayridge,9 Hauk Pass,796
Coleman,465 Tennessee Park,820
Logan,5039 Claremont Parkway,112
Lotheville,543 5th Terrace,530
Fremont,01697 Dovetail Plaza,686
Cardinal,645 Westend Street,962
Rusk,10 Dahle Place,513
Dwight,36 Dexter Parkway,428
Logan,8 Maryland Hill,622
Independence,7904 Oak Park,703
Susan,03 Glendale Way,876
Dapin,32 Corry Point,173
Basil,190 Chive Hill,193
Onsgard,7 Riverside Terrace,232
Wayridge,45 Hoffman Drive,880
Onsgard,5796 Oneill Road,226
Lakewood,15377 Tomscot Terrace,301
Debs,42 Calypso Alley,681
Oneill,8687 Pankratz Drive,383
Elka,37 Red Cloud Parkway,259
Carey,5377 Green Ridge Court,703
Ridgeway,1285 Towne Terrace,878
Dunning,317 Manley Court,147
Rusk,8 Southridge Terrace,967
Oneill,38 Arkansas Circle,600
Longview,11 La Follette Terrace,57
Elka,80 Hanson Avenue,346
Basil,74662 Iowa Avenue,476
Declaration,3 Nova Point,101
Darwin,7814 Delladonna Park,787
Dapin,307 Montana Avenue,135
Elka,371 Veith Plaza,451
Buena Vista,91 Dayton Street,434
Debs,28 South Center,707
Prairie Rose,03689 Butternut Avenue,445
Rusk,6 Leroy Plaza,864
Northport,34278 Holmberg Lane,668
Dapin,4298 Monterey Parkway,776
Longview,01382 Summerview Junction,962
Susan,050 Pine View Road,51
Beilfuss,7382 Vahlen Circle,893
Loeprich,3 Nelson Drive,82
Onsgard,9 Bayside Drive,977
Fremont,74351 Oak Center,782
Beilfuss,6 Carpenter Pass,650
Artisan,893 Green Court,937
Holmberg,122 Killdeer Point,475
Darwin,87 Prairie Rose Trail,183
Lakewood,051 Schlimgen Parkway,985
Larry,006 Bowman Trail,113
Prairie Rose,1721 Schiller Court,214
Basil,37 Del Sol Alley,888
Larry,42 Forest Dale Trail,974
Oneill,95175 Sunbrook Alley,815
Mariners Cove,216 Brickson Park Pass,338
Basil,9 Pepper Wood Avenue,162
Wayridge,52239 Lerdahl Center,883
Cordelia,3839 Di Loreto Avenue,92
Declaration,60 American Ash Court,194
Declaration,95563 Dakota Plaza,236
Larry,67308 Tony Plaza,710
Prairie Rose,595 Farwell Center,591
Lotheville,807 Victoria Drive,753
Arizona,26156 Crescent Oaks Junction,847
Tennyson,13 Ridge Oak Alley,183
Schiller,2050 Lunder Lane,754
Ridgeway,75 Little Fleur Place,667
Darwin,07714 Bayside Court,814
Macpherson,32362 Golf View Court,772
Blackbird,5 Birchwood Plaza,663
Dunning,210 Leroy Place,267
Loeprich,20 Corry Street,188
Ridgeway,43 Sugar Crossing,799
Coleman,3056 Warner Circle,435
Artisan,86 Walton Hill,144
Cordelia,746 Anderson Parkway,700
Graceland,6 Milwaukee Street,387
Macpherson,03 Hayes Court,135
Beilfuss,0 Anhalt Lane,248
Holmberg,21 Dakota Circle,509
Dunning,4250 Spohn Drive,568
Tennyson,3 Autumn Leaf Street,582
Tennyson,35488 Mitchell Parkway,416
Lotheville,46795 Badeau Crossing,998
Crowley,06 Morrow Lane,580
Independence,4167 Banding Place,631
Northport,7 Village Terrace,506
Elka,16209 Armistice Terrace,995
Elka,1307 Pierstorff Parkway,972
Lakewood,69282 Hagan Road,993
Lakewood,814 Moland Crossing,670
Ridgeway,94 Arrowood Parkway,599
2nd,00100 Crowley Parkway,649
Susan,5 Summer Ridge Lane,256
Basil,561 Norway Maple Court,394
Prairie Rose,2 Northridge Point,420
Susan,99 New Castle Place,325
Macpherson,0 Ridgeway Drive,639
7th,423 Dottie Pass,882
Graceland,6156 Riverside Terrace,594
Red Cloud,646 Southridge Street,451
Elka,4876 Gina Terrace,773
Ridgeway,28028 Esker Road,908
Red Cloud,86163 Moulton Drive,211
Rusk,6408 Mifflin Way,101
Oneill,51510 Holy Cross Point,148
Artisan,81 Almo Court,141
Darwin,308 Carey Lane,474
Holmberg,2 Washington Crossing,638
Carey,177 Elgar Road,914
Cardinal,56 Westport Street,701
Cardinal,077 Cordelia Pass,69
Dwight,2 Longview Hill,981
Wayridge,35 Miller Place,391
Debs,27 Gerald Center,533
Loeprich,4 Briar Crest Circle,812
Larry,929 Dwight Point,839
Independence,067 Acker Crossing,334
Mariners Cove,0135 Brickson Park Point,91
Lotheville,25 Ramsey Point,509
Ridgeway,84538 Milwaukee Way,609
7th,1480 Reindahl Point,394
Wayridge,22519 Amoth Plaza,825
Macpherson,41223 Hoepker Street,736
Susan,25 Namekagon Road,772
Dwight,07873 Pine View Crossing,908
Elka,247 Buena Vista Pass,752
Carey,934 Evergreen Hill,254
Coleman,3156 Hudson Trail,548
Crowley,85 Hazelcrest Park,897
Lakewood,70 Thierer Hill,563
Darwin,60264 Stang Hill,616
Schiller,35939 Pine View Trail,928
Clove,2 Mendota Place,873
Loeprich,15105 Warner Drive,411
2nd,56997 Corry Crossing,457
Debs,8 Moose Point,644
Clove,411 Ludington Center,144
Coleman,79 Toban Road,247
Elka,2968 Thierer Center,652
Darwin,35 Elmside Place,702
Lakewood,6210 Maple Wood Trail,391
Dapin,3 Basil Road,205
Monterey,72 Badeau Point,375
Buena Vista,944 East Avenue,194
Lotheville,1071 Nelson Terrace,117
Prairie Rose,67 Russell Court,602
Artisan,65 Shopko Lane,548
Beilfuss,789 Sloan Terrace,598
Elka,01 Tennessee Drive,217
Gateway,2 Milwaukee Crossing,727
Elka,677 Melvin Pass,744
Elka,7261 Mendota Pass,778
Dapin,4 Duke Avenue,749
Beilfuss,255 Lakeland Drive,403
7th,7704 Nevada Junction,952
Dapin,47 Bay Plaza,184
7th,470 Sage Place,178
Independence,8086 Eastwood Crossing,120
Coleman,64408 Mcguire Trail,887
Oakridge,0 Rutledge Way,160
Clove,334 Service Court,819
Onsgard,8 Grim Place,149
Monterey,0461 Elmside Lane,903
2nd,31169 Washington Drive,814
Clove,495 Talmadge Place,552
Dwight,07606 Northview Point,227
Declaration,580 Surrey Terrace,602
Schiller,76059 Harper Hill,211
Oneill,23345 Red Cloud Parkway,660
Darwin,08680 Jenna Way,108
Longview,0 Steensland Court,61
Blackbird,51188 Eagan Lane,518
Longview,23 Merchant Crossing,194
Independence,13989 Aberg Drive,376
Onsgard,7 Homewood Road,927
Larry,826 Starling Lane,637
Fremont,42005 Hudson Trail,159
Crowley,760 Randy Crossing,501
Logan,6356 Morning Park,422
Dunning,8 Reindahl Place,999
Longview,7 Bunker Hill Terrace,694
Independence,931 Ridgeview Terrace,499
Crowley,4078 Dexter Road,90
Prairie Rose,91709 Carey Circle,57
Arizona,9114 Atwood Trail,997
Holmberg,20359 Mendota Center,439
Buena Vista,3 Anhalt Street,606
Monterey,8 Norway Maple Terrace,356
Northport,0 Loomis Crossing,424
Elka,57 Elgar Street,321
Independence,2472 Arizona Crossing,149
Coleman,2483 Lerdahl Plaza,457
Wayridge,56028 Sycamore Crossing,412
Tennyson,1 Mandrake Circle,991
Northport,7 Upham Lane,737
Elka,5 Holmberg Parkway,519
Declaration,1 Hintze Trail,596
Debs,647 Menomonie Place,596
Clove,0 Swallow Parkway,170
Dapin,748 Grim Trail,892
Larry,1232 Mockingbird Lane,168
Independence,34465 Talmadge Street,925
Red Cloud,46359 Vera Point,987
Lotheville,87663 Monument Court,615
Holmberg,92955 Sauthoff Point,58
Declaration,43280 Stuart Street,273
Dapin,2 Spohn Court,492
Susan,940 6th Alley,740
2nd,043 Clarendon Road,438
Schiller,04429 Vidon Court,480
Dwight,51 Blue Bill Park Hill,889
Onsgard,25 Prairie Rose Crossing,977
Dwight,8 Stoughton Street,482
Carey,027 Meadow Ridge Court,808
Elka,66 Haas Circle,102
Cordelia,2 Dahle Park,728
Fremont,448 Loomis Court,837
Buena Vista,21333 Manitowish Trail,277
Independence,36 Upham Center,80
Arizona,0 Jana Park,920
Dunning,6 Moose Place,75
Coleman,04 Harper Hill,544
Ridgeway,0 Eagle Crest Park,741
Susan,838 Dennis Road,655
Tennyson,455 Artisan Court,681
Northport,003 Pond Pass,765
Buena Vista,80260 Lindbergh Hill,442
Darwin,0 Dottie Road,241
Schiller,40807 Cambridge Park,819
Dexter,32386 Troy Center,386
Larry,9 Porter Crossing,229
Schiller,029 Rutledge Crossing,564
Dunning,1 Sage Alley,243
Clove,990 Browning Circle,219
Arizona,6887 Morning Avenue,319
Schiller,76354 New Castle Hill,397
Macpherson,63 Burrows Place,229
Monterey,8619 Spohn Park,355
Graceland,65 Holy Cross Park,528
Macpherson,67854 Shasta Court,979
Darwin,48801 Blaine Point,322
7th,92 Declaration Trail,976
Basil,40 6th Crossing,274
Buena Vista,69 Bobwhite Crossing,599
7th,9 Jana Park,717
Dunning,70 Merchant Drive,155
2nd,97823 Schurz Court,182
Riverside,77 Thompson Park,852
Rusk,66 Rutledge Avenue,475
Holmberg,32413 Sugar Trail,546
Dunning,2360 Tennessee Lane,129
Graceland,61915 Fair Oaks Place,450
Buena Vista,27 Atwood Court,423
Dexter,6 Eggendart Court,944
Fremont,3 Victoria Terrace,940
Longview,60661 Di Loreto Lane,732
Fremont,80388 Del Sol Trail,351
Independence,58143 Hoard Pass,547
Lakewood,062 Elka Trail,562
Lotheville,99 Schlimgen Avenue,96
Larry,70 Veith Circle,967
Independence,2749 Shoshone Park,991
Coleman,060 Daystar Court,575
Ridgeway,1042 Calypso Way,780
Gateway,0 Dawn Circle,196
Lotheville,21 Muir Park,146
Mariners Cove,759 Sullivan Terrace,909
Tennyson,74 Crowley Parkway,479
Schiller,9527 Namekagon Road,287
Tennyson,9 Oxford Drive,954
Dunning,1854 Starling Street,287
Logan,889 Johnson Park,651
Ridgeway,19073 Arapahoe Hill,698
Cordelia,637 Clyde Gallagher Crossing,775
Coleman,572 Northport Plaza,242
Riverside,6 Moose Avenue,839
Darwin,7762 Stoughton Parkway,757
Dapin,5 Forest Dale Parkway,528
Cardinal,7 Coleman Junction,113
Cardinal,15 Elka Alley,846
Blackbird,34101 Tony Junction,615
Fremont,581 Luster Drive,654
Longview,8 Delaware Avenue,517
Susan,16 Meadow Ridge Junction,340
Macpherson,9183 Bay Parkway,293
Macpherson,75966 Garrison Center,764
Lotheville,4 4th Court,756
Basil,0 Eggendart Place,694
Graceland,60953 Nancy Center,432
Longview,72 Marcy Junction,705
Wayridge,0 Vera Plaza,320
Dunning,3 Dixon Way,491
Beilfuss,8 Michigan Court,920
Arizona,0 Golf Junction,946
Lotheville,704 Bultman Terrace,954
Dexter,4449 Crownhardt Place,628
Schiller,9 Hoepker Crossing,516
Graceland,696 Dovetail Alley,846
Monterey,12937 Mcbride Hill,343
Clove,780 Kipling Court,495
Oneill,27985 Pepper Wood Point,121
Carey,9419 Barby Point,53
Artisan,23 Merry Street,709
Onsgard,8424 Kennedy Lane,585
Larry,08207 Green Ridge Avenue,574
7th,151 Oneill Center,151
Loeprich,92947 Vidon Place,98
Lakewood,9 Monica Junction,735
Larry,986 Ilene Drive,874
Lakewood,05084 Mitchell Hill,716
Red Cloud,62443 Corscot Avenue,921
Cordelia,08688 Bonner Street,796
Arizona,270 Eliot Hill,785
Elka,3 Butternut Parkway,336
Arizona,931 Hauk Drive,797
Basil,2464 Butterfield Way,354
Dexter,54174 International Circle,465
Cardinal,65571 Mockingbird Hill,503
Macpherson,95735 La Follette Trail,717
Artisan,9 Prentice Pass,83
Oneill,74 Fieldstone Alley,469
Onsgard,78105 Di Loreto Drive,842
Macpherson,48732 Corscot Way,113
Dunning,9186 Fair Oaks Center,824
Cordelia,917 Dennis Lane,175
Red Cloud,052 Barby Street,292
2nd,521 Miller Crossing,621
Monterey,53141 Corscot Drive,336
Macpherson,7 Buena Vista Trail,839
Elka,8409 American Ash Lane,668
Oneill,3768 Pine View Court,871
Gateway,57 Southridge Circle,956
Northport,0933 Bultman Drive,187
Fremont,931 Texas Avenue,791
Clove,11 Westerfield Parkway,952
Mariners Cove,62 Shasta Junction,398
Clove,36 Bellgrove Way,575
Elka,4111 Goodland Way,454
Macpherson,6423 Petterle Junction,832
Schiller,7904 Daystar Terrace,494
Oneill,266 Hanson Street,432
Dunning,9 Debs Avenue,312
Dapin,035 Kingsford Alley,276
Longview,34 Comanche Place,851
Macpherson,1394 5th Plaza,754
Basil,08507 Heffernan Junction,482
Artisan,63519 Dahle Center,375
Wayridge,60824 Menomonie Trail,132
Mariners Cove,344 Dryden Lane,718
Clove,01392 Fieldstone Alley,514
Buena Vista,2 Lillian Circle,894
Cordelia,57 Prairie Rose Court,574
2nd,2204 Knutson Terrace,723
Oneill,3559 Chinook Circle,919
Carey,4023 Katie Pass,455
Wayridge,7 Clyde Gallagher Pass,331
Blackbird,23 Cascade Terrace,420
Beilfuss,87 Mccormick Place,428
Prairie Rose,59 Goodland Parkway,990
Independence,43 Onsgard Plaza,372
Dunning,7879 Southridge Alley,53
Elka,4 La Follette Trail,453
Elka,8889 Namekagon Alley,553
Monterey,693 Twin Pines Terrace,584
Declaration,53307 Ohio Crossing,99
Oneill,3 Michigan Trail,208
Riverside,97 Swallow Place,863
Elka,3 Glendale Parkway,729
Artisan,1254 Eggendart Terrace,973
Basil,27847 Prairieview Center,121
Ridgeway,86030 Rigney Park,845
Riverside,13 Jenna Street,78
Dwight,558 Paget Drive,106
Basil,2 Stephen Pass,162
Gateway,1522 8th Way,490
Darwin,96 Dorton Place,911
Oneill,81 Caliangt Crossing,282
Tennyson,1803 Sauthoff Circle,397
Red Cloud,03850 North Pass,709
Dexter,22 Lerdahl Road,918
Elka,03480 Jackson Road,921
Artisan,10013 Hoepker Terrace,797
Dunning,582 Sage Parkway,160
Elka,0004 1st Parkway,252
Susan,6332 Washington Trail,803
Buena Vista,59762 Ohio Place,717
Macpherson,2070 Northridge Plaza,193
Northport,5157 Petterle Park,117
Lakewood,785 Wayridge Terrace,740
Debs,500 Westerfield Court,388
Riverside,608 Loftsgordon Way,912
Susan,791 Kensington Center,762
Cordelia,25856 Ludington Way,452
Ridgeway,58305 Truax Point,439
Dapin,1128 Roth Circle,818
Lotheville,1632 Reindahl Park,548
Beilfuss,19840 Boyd Avenue,310
Dapin,8351 Helena Place,81
Schiller,4007 Spenser Point,833
Longview,5 Marcy Terrace,965
Larry,45896 Northland Pass,900
Rusk,6626 Atwood Crossing,441
Prairie Rose,997 Dennis Road,472
2nd,00990 1st Center,879
Monterey,73227 Cascade Parkway,533
Northport,6 Birchwood Parkway,187
Graceland,2944 Riverside Center,589
Susan,472 Clarendon Way,547
Elka,4476 Elgar Road,64
Debs,58162 Mesta Alley,61
Holmberg,04 Dryden Circle,151
Onsgard,9 Caliangt Terrace,878
Mariners Cove,7 Barby Avenue,457
Monterey,98461 Rockefeller Court,70
Logan,377 Glendale Way,448
Riverside,25716 Kim Crossing,487
Prairie Rose,330 Hintze Parkway,421
Buena Vista,4 Anderson Center,489
Logan,2 Vahlen Alley,673
Red Cloud,94 Mayfield Park,674
Prairie Rose,155 Sloan Road,670
2nd,4 Starling Lane,975
