"Puntos de Entrega","X","Y"
"92420 Katie Trail",933,872
"70903 Spenser Way",138,720
"760 3rd Hill",531,478
"1409 Maple Wood Parkway",953,967
"491 Browning Alley",539,237
"6 Moose Place",15,597
"08 Merchant Way",201,136
"28633 Vernon Crossing",289,459
"29053 Spohn Park",229,489
"147 Commercial Road",814,804
"114 Monument Park",276,367
"316 Bayside Center",427,258
"0314 Warbler Lane",963,238
"75588 Mcguire Avenue",761,181
"8 Harbort Lane",274,398
"8886 Truax Place",558,643
"77 Lukken Terrace",10,34
"94299 Hovde Trail",358,570
"23 Cascade Terrace",73,316
"16 Mandrake Place",136,700
"9247 Hayes Crossing",142,939
"3100 Milwaukee Terrace",101,561
"2 Harper Center",106,334
"456 Park Meadow Trail",500,42
"7106 Union Point",329,195
"387 Meadow Ridge Parkway",398,506
"2 Farwell Avenue",28,496
"172 Sutherland Lane",347,131
"67672 Ridgeview Alley",964,421
"1306 Monument Lane",454,836
"0 Green Ridge Point",642,654
"947 3rd Crossing",257,199
"40 Lighthouse Bay Park",640,581
"92947 Vidon Place",621,229
"71612 Monica Way",260,224
"87 Thompson Terrace",262,249
"85 Hazelcrest Park",116,52
"551 Sunbrook Road",348,4
"37 Stephen Park",452,835
"3814 Eastlawn Terrace",803,435
"95735 La Follette Trail",641,789
"35488 Mitchell Parkway",11,233
"4 Claremont Parkway",445,886
"543 Everett Drive",616,808
"2 Arrowood Court",95,438
"1 Arkansas Junction",429,547
"204 Sunfield Crossing",410,510
"459 Green Ridge Circle",365,243
"15 Golf View Parkway",579,629
"2 Stephen Pass",796,986
"56472 Barby Alley",354,411
"9 Memorial Way",968,879
"87337 Fisk Center",195,647
"7365 Drewry Road",255,919
"085 Clemons Way",155,288
"6004 Laurel Circle",759,385
"447 Cody Point",546,949
"45 Dakota Hill",990,709
"56918 Grasskamp Terrace",945,248
"2968 Thierer Center",363,699
"40 6th Crossing",430,359
"2 Weeping Birch Road",825,36
"055 Pepper Wood Trail",20,995
"0316 Graceland Way",876,812
"256 Carpenter Terrace",65,930
"3237 New Castle Trail",189,821
"284 Farragut Road",911,861
"5921 Gulseth Avenue",952,495
"7 Norway Maple Road",360,440
"785 Kennedy Circle",792,19
"73 Cottonwood Lane",917,692
"2 Heath Circle",560,974
"2676 Merrick Alley",556,756
"359 Straubel Avenue",810,382
"160 Bartillon Trail",824,705
"9660 Petterle Lane",538,922
"63 Warrior Terrace",748,90
"0 Rutledge Way",513,138
"25 Ramsey Point",978,542
"7 Packers Hill",171,594
"8 Mallory Point",342,97
"270 Eliot Hill",973,607
"13 Anhalt Drive",674,605
"48760 Buell Junction",432,9
"10 Fremont Point",699,403
"880 Lyons Court",448,122
"0004 Redwing Alley",598,370
"43034 Toban Park",504,281
"7 Di Loreto Park",982,458
"99 New Castle Place",493,613
"5393 Bartillon Crossing",338,483
"97644 Bluejay Terrace",845,543
"3 Michigan Trail",634,614
"11666 Eagle Crest Point",458,822
"426 Lawn Avenue",433,306
"9 Melrose Street",508,771
"54034 Lakeland Court",811,393
"0962 Saint Paul Terrace",838,5
"66 Homewood Circle",487,887
"3 Alpine Avenue",932,355
"59 Ludington Park",302,691
"1 Elmside Plaza",115,491
"26742 Eastlawn Center",872,735
"85 Colorado Avenue",470,731
"5601 Sheridan Court",446,331
"46 Mccormick Plaza",926,574
"6590 5th Plaza",315,410
"940 6th Alley",184,216
"397 Vernon Plaza",614,38
"9 Blue Bill Park Drive",471,575
"832 Anzinger Point",77,339
"172 Harper Junction",438,177
"242 Pepper Wood Lane",905,110
"1 Rutledge Road",451,670
"17167 Beilfuss Park",535,168
"9750 Emmet Alley",92,95
"41 Rowland Drive",388,342
"5774 Waubesa Terrace",723,326
"54720 Melby Terrace",760,915
"4 Esker Drive",29,656
"92142 Basil Crossing",547,776
"046 Oneill Pass",371,583
"3525 Eagle Crest Crossing",67,113
"4 Huxley Place",527,377
"5 Delladonna Drive",991,268
"90033 Dryden Circle",460,54
"9 Dennis Trail",943,801
"048 Redwing Parkway",442,169
"03 Garrison Parkway",482,365
"02437 Brickson Park Circle",717,714
"67308 Tony Plaza",552,758
"6 Carioca Avenue",85,871
"630 Sutteridge Avenue",472,476
"19020 Continental Way",666,161
"95 Barnett Parkway",94,640
"36678 Crowley Hill",490,457
"88881 Village Crossing",314,911
"98563 Brickson Park Plaza",586,961
"92 Brentwood Circle",110,222
"40850 Lerdahl Court",119,206
"1771 Oriole Way",695,93
"6 Mallard Alley",639,718
"9239 Oriole Pass",8,556
"9 Towne Circle",411,973
"01 Meadow Ridge Court",727,674
"9 Clemons Street",691,819
"9 Lotheville Lane",330,397
"70 Ramsey Pass",615,137
"521 Boyd Place",435,252
"92955 Sauthoff Point",778,740
"0 Vermont Avenue",817,502
"5 Pawling Street",5,207
"1 Muir Alley",570,376
"2 Katie Point",741,680
"00 Blaine Point",622,947
"48 Sullivan Hill",170,907
"0 Mitchell Point",707,923
"026 Haas Road",891,324
"7 Coleman Junction",61,442
"5 Main Terrace",3,787
"42 Forest Dale Trail",630,157
"09936 Buena Vista Trail",292,116
"3156 Hudson Trail",88,210
"988 Corry Drive",758,921
"925 Lien Road",473,493
"08395 Briar Crest Street",340,362
"88 Beilfuss Avenue",104,253
"6 Birchwood Parkway",495,799
"7 Hallows Park",816,356
"64 Oakridge Junction",679,755
"22 Old Shore Lane",912,845
"8086 Eastwood Crossing",377,870
"01 Clyde Gallagher Crossing",434,695
"6613 Green Ridge Trail",766,875
"05084 Mitchell Hill",261,817
"52 Oak Point",228,889
"3 Lakewood Gardens Park",140,610
"133 Lillian Court",688,775
"7 Aberg Place",742,286
"4547 Delladonna Junction",275,831
"3 Upham Pass",752,818
"86 Forster Place",788,847
"0 Starling Place",280,873
"40573 Lerdahl Road",562,329
"5099 Roth Circle",776,569
"0 Loomis Crossing",979,856
"371 Morningstar Drive",60,501
"4 Dottie Street",386,148
"3025 Claremont Center",507,729
"3594 Carpenter Junction",368,554
"88572 Del Mar Lane",840,663
"7 Eastlawn Plaza",232,881
"2996 Swallow Lane",828,452
"86163 Moulton Drive",237,793
"08680 Jenna Way",259,864
"562 Schlimgen Street",339,637
"82908 Westerfield Pass",469,624
"46318 Carey Plaza",611,564
"89 Moulton Park",576,914
"5 Maywood Court",272,266
"51 Blue Bill Park Hill",129,710
"8 Nelson Avenue",591,340
"90963 Main Street",198,437
"7 Bunker Hill Terrace",754,985
"2 Washington Crossing",664,145
"67 Grim Terrace",16,213
"721 Dunning Crossing",418,485
"8424 Kennedy Lane",526,279
"21 Dakota Circle",334,908
"51 Hoffman Parkway",948,743
"45 Blaine Avenue",749,617
"500 Toban Point",468,487
"33 Nobel Hill",646,770
"08850 Annamark Plaza",855,991
"2050 Lunder Lane",107,45
"41 Oak Alley",662,784
"0 Anthes Junction",379,604
"2 Rigney Road",651,246
"1 Jackson Park",81,752
"60 Fallview Plaza",245,99
"23 Vernon Point",464,275
"8 Stoughton Street",78,877
"0 Orin Avenue",196,86
"1143 Bultman Hill",288,375
"16276 Victoria Park",283,87
"6 Reinke Court",774,220
"83 Schlimgen Drive",412,361
"3713 Fordem Circle",343,686
"5916 Londonderry Drive",950,298
"433 Texas Crossing",960,394
"44897 Armistice Crossing",150,2
"6 Milwaukee Street",491,826
"44741 Lakeland Pass",818,408
"0 Lighthouse Bay Trail",352,559
"24483 Dennis Street",216,762
"7380 Bultman Terrace",21,33
"7 Trailsway Street",955,96
"6 Bay Plaza",577,857
"7625 Hoard Lane",972,557
"271 Elmside Circle",724,626
"37426 Hayes Parkway",404,160
"37346 Warrior Center",202,733
"80821 Twin Pines Circle",35,391
"5 Dovetail Hill",687,509
"15464 Burrows Avenue",428,764
"2 Westend Avenue",728,236
"97221 Orin Terrace",799,512
"3 Glendale Parkway",199,690
"35 Westend Center",967,536
"05 Loomis Center",757,753
"1153 Karstens Place",843,533
"19728 Melrose Trail",867,49
"80559 Leroy Road",542,102
"5 Hermina Alley",181,641
"385 Pond Center",256,114
"3 Springview Place",384,790
"6626 Atwood Crossing",768,47
"785 Drewry Avenue",266,795
"4486 Meadow Vale Crossing",985,616
"4 Homewood Circle",126,328
"259 Old Gate Trail",989,917
"867 Manitowish Avenue",657,555
"08281 Northport Center",545,226
"61 Sheridan Way",17,112
"81 Westend Place",179,63
"51 Alpine Pass",273,520
"633 Union Court",721,105
"0974 Cascade Drive",683,679
"128 Wayridge Lane",635,894
"23345 Red Cloud Parkway",130,81
"9914 Sheridan Point",882,645
"13 Jenna Street",715,364
"90068 Sauthoff Lane",553,101
"2944 Riverside Center",682,933
"3267 Emmet Court",284,769
"6 Moose Avenue",233,585
"373 Dryden Hill",962,430
"955 Hayes Parkway",143,41
"8 Reindahl Place",594,688
"3 Ronald Regan Park",144,997
"976 Ridgeway Point",924,498
"55170 Stone Corner Drive",601,534
"3 Autumn Leaf Street",145,858
"4 Myrtle Center",633,274
"5 Rockefeller Avenue",557,142
"13454 Pierstorff Parkway",443,436
"1180 Carioca Avenue",625,406
"396 Magdeline Terrace",463,254
"0646 Hazelcrest Trail",118,454
"2556 Lukken Road",134,942
"54 Farmco Place",149,321
"0110 Ohio Point",25,94
"7 Darwin Place",951,481
"5467 Mendota Court",875,673
"86 Ridgeway Alley",390,636
"91709 Carey Circle",193,816
"88 Packers Pass",204,809
"7 Ludington Road",908,696
"3 Elgar Avenue",863,215
"928 Kipling Parkway",425,524
"962 Randy Road",220,18
"167 Bartelt Place",277,488
"49 Susan Point",213,693
"667 Mifflin Trail",374,108
"29 North Junction",466,84
"5 Brown Circle",927,902
"15016 Golf Course Avenue",239,722
"48732 Corscot Way",112,371
"85981 Scott Circle",602,164
"4023 Katie Pass",572,912
"0663 Raven Road",885,463
"46 Maywood Trail",612,466
"8 Marcy Alley",895,659
"800 Waywood Trail",481,668
"8236 Old Gate Way",532,698
"4428 Towne Park",787,846
"4032 High Crossing Parkway",879,606
"5856 Dexter Junction",593,247
"661 Erie Street",999,471
"40576 Bobwhite Trail",830,234
"612 Acker Lane",178,453
"95175 Sunbrook Alley",391,956
"0 Merry Road",767,742
"20 Eggendart Trail",59,891
"4115 Barnett Pass",823,926
"534 Welch Drive",32,863
"807 Victoria Drive",209,579
"9766 Graedel Road",298,347
"7511 Eggendart Hill",735,761
"01697 Dovetail Plaza",564,892
"98 Debra Junction",383,517
"9064 Arizona Hill",750,439
"1 Crowley Circle",244,862
"87651 Texas Street",310,796
"62 Old Shore Avenue",571,727
"793 Miller Center",235,924
"18 Mariners Cove Alley",207,539
"67854 Shasta Court",773,648
"1285 Towne Terrace",132,353
"3 Melby Terrace",187,737
"5 Nova Hill",344,450
"5 Petterle Terrace",103,350
"18 Jay Road",436,768
"28 Ridgeway Point",401,852
"6902 Anhalt Pass",781,132
"027 Meadow Ridge Court",305,103
"9 Boyd Crossing",711,993
"7953 Lerdahl Crossing",747,773
"323 Elmside Circle",417,982
"0 Superior Place",96,313
"59762 Ohio Place",800,865
"1 Carioca Pass",713,482
"00 Meadow Ridge Parkway",815,71
"38 Columbus Pass",133,470
"1 Coleman Drive",356,794
"06774 Garrison Road",200,649
"84547 Drewry Road",914,966
"343 Mayer Terrace",406,477
"2690 Wayridge Terrace",865,151
"08834 Butterfield Street",729,706
"92 Claremont Trail",692,40
"7 Riverside Terrace",376,620
"83543 Ridgeview Road",335,683
"71 Buhler Parkway",988,531
"5 Ryan Court",241,566
"42 Veith Alley",34,219
"96077 Talmadge Circle",498,415
"98 Melvin Lane",489,972
"1011 Marcy Drive",197,774
"27265 Manufacturers Road",45,588
"8 Larry Center",906,265
"8 Golf View Plaza",765,312
"04 Southridge Place",736,527
"4 Debs Place",638,294
"1556 Forest Avenue",987,739
"54 Namekagon Junction",921,272
"4 Bartillon Park",301,960
"20359 Mendota Center",626,958
"0 Pearson Point",693,78
"01 Jackson Place",455,17
"5 Pearson Alley",53,853
"00233 Valley Edge Point",920,197
"95309 Mallory Road",40,608
"42112 Helena Way",650,360
"4 New Castle Point",51,16
"1071 Nelson Terrace",271,332
"3456 Rieder Hill",328,634
"9509 Browning Street",337,839
"0 Chive Plaza",102,724
"8 Burning Wood Terrace",499,269
"034 Stone Corner Street",522,929
"5 Holmberg Trail",206,363
"24 Crest Line Crossing",755,467
"319 Miller Avenue",267,176
"9914 Dapin Parkway",492,235
"86 Sunbrook Avenue",580,150
"715 Moulton Junction",285,65
"25 Prairie Rose Crossing",124,143
"79 Eggendart Point",976,230
"67330 Beilfuss Way",782,671
"9 Walton Avenue",83,655
"19239 Brickson Park Plaza",958,899
"356 Mcbride Park",617,951
"68 Dottie Parkway",582,418
"3 Gulseth Crossing",509,373
"0 Rigney Park",400,448
"3080 Oak Valley Hill",75,635
"60 Forest Dale Place",780,653
"9369 Karstens Way",477,712
"92321 Texas Avenue",478,678
"8687 Pankratz Drive",897,57
"6782 Main Terrace",449,994
"962 Northwestern Crossing",528,209
"6360 Gina Trail",27,83
"5654 Merchant Alley",941,552
"5903 Twin Pines Lane",375,348
"9607 Loeprich Circle",231,882
"079 Alpine Junction",523,282
"5 Hoffman Parkway",480,728
"979 Autumn Leaf Road",701,833
"5129 Rigney Avenue",293,825
"465 Tennessee Park",934,803
"74 Kedzie Point",899,970
"1254 Eggendart Terrace",806,590
"821 Hagan Road",93,586
"77 Declaration Way",68,317
"6820 Continental Junction",505,523
"7 Bellgrove Parkway",658,525
"0 Pepper Wood Center",43,383
"4 Rieder Crossing",805,726
"22 West Center",56,85
"23693 Ryan Way",299,337
"55113 Starling Lane",176,721
"12 Mallory Pass",831,565
"07 Dawn Parkway",848,244
"2594 Buell Junction",956,644
"29961 Comanche Hill",4,631
"003 Ryan Point",645,989
"2393 Mesta Drive",87,135
"707 Jenifer Point",230,1
"8 Hanover Center",191,979
"885 Thackeray Center",992,357
"76821 Sage Drive",175,480
"3 Mccormick Place",588,23
"247 Russell Trail",589,623
"3 Dunning Avenue",264,860
"79899 Gulseth Lane",892,290
"2665 Barnett Lane",809,250
"349 East Street",618,535
"63903 Atwood Lane",23,619
"07 Anderson Court",610,193
"69 Fallview Lane",836,904
"029 Rutledge Crossing",604,529
"70620 Alpine Trail",834,910
"051 Schlimgen Parkway",869,172
"77560 Tennessee Avenue",421,21
"03 Ruskin Plaza",671,431
"7 Schlimgen Terrace",512,893
"077 Armistice Drive",655,587
"2196 Sheridan Street",462,50
"216 Brickson Park Pass",147,245
"3 Meadow Ridge Court",670,432
"849 Sutherland Park",49,322
"984 Summer Ridge Alley",326,897
"908 School Trail",97,319
"77 Thompson Park",58,468
"355 Fulton Pass",524,163
"0046 Havey Center",726,811
"31 Nancy Plaza",915,751
"420 Ryan Court",321,32
"91 Golf Way",907,660
"6 Sutteridge Alley",127,211
"500 Westerfield Court",26,451
"25280 Hoffman Park",248,192
"3559 Chinook Circle",459,128
"9 Linden Lane",393,646
"7101 Stone Corner Way",416,702
"8 Hoepker Hill",738,807
"3 Little Fleur Point",808,842
"729 Sycamore Drive",631,976
"2068 Melby Avenue",730,232
"9 Jay Place",841,73
"09 Carioca Park",575,473
"86898 Fremont Plaza",997,984
"6 Continental Crossing",887,745
"127 Monica Alley",708,938
"0824 Crowley Point",387,971
"45 1st Terrace",886,681
"74 Iowa Road",954,465
"57 Crescent Oaks Alley",936,998
"183 Butterfield Center",980,639
"0 Atwood Junction",395,189
"07162 Jenna Alley",98,115
"455 Dayton Place",346,738
"9 Bayside Drive",173,772
"963 Algoma Way",350,763
"924 Maple Wood Pass",139,553
"150 Express Way",146,840
"0 Graedel Parkway",485,390
"0820 Mosinee Trail",186,828
"9258 Westerfield Trail",740,754
"70 Merchant Drive",585,289
"14 Anhalt Way",984,240
"01 Melvin Crossing",1000,449
"492 Del Mar Alley",151,280
"00 Magdeline Center",959,283
"6 Logan Avenue",307,567
"3396 Dwight Avenue",208,950
"0135 Brickson Park Point",900,167
"27 Atwood Court",177,227
"302 Stoughton Pass",128,918
"558 Becker Trail",183,414
"265 Maywood Park",153,959
"5840 Jenifer Pass",852,868
"609 Armistice Point",804,296
"36295 Thackeray Street",399,537
"39 Shoshone Place",474,909
"0672 Delladonna Hill",881,149
"5159 Beilfuss Point",606,707
"80509 Marcy Trail",731,330
"111 Surrey Hill",653,441
"625 Grim Junction",835,204
"83 Golf Lane",211,841
"57 Lerdahl Parkway",120,791
"52 Nancy Park",870,785
"3 Anhalt Street",465,888
"1 Ramsey Circle",161,124
"951 Lotheville Avenue",566,651
"277 Cascade Circle",888,969
"71 Tennessee Drive",540,484
"81 Service Court",821,158
"93640 Debs Trail",623,129
"4412 Mandrake Point",705,913
"22212 Clarendon Court",871,885
"1185 Grasskamp Terrace",243,303
"20 Schurz Drive",559,140
"581 Luster Drive",977,231
"6 Kedzie Drive",820,423
"0460 Vidon Terrace",851,68
"276 Sugar Junction",483,633
"7 Esker Plaza",784,400
"559 Village Green Junction",939,156
"20 Magdeline Junction",563,15
"20 Algoma Circle",278,701
"099 Havey Lane",574,717
"59406 Thierer Lane",769,333
"5 Bartelt Terrace",373,890
"96939 Farwell Way",652,139
"8 Garrison Terrace",486,783
"71 Barnett Circle",829,379
"39065 Springview Point",850,844
"668 East Place",242,58
"0505 Anthes Way",861,486
"6 Melby Way",18,749
"283 Kenwood Point",636,26
"51 Clove Lane",114,8
"0993 Bonner Avenue",141,413
"35558 Acker Court",422,343
"4967 Rigney Drive",424,51
"928 Donald Hill",720,387
"29212 Roxbury Drive",847,786
"476 Thierer Parkway",312,593
"596 Fieldstone Plaza",511,72
"87 Mccormick Place",706,878
"5 Eastwood Center",668,814
"9 Hoepker Crossing",333,120
"482 Green Ridge Terrace",694,225
"6226 Mayfield Center",74,589
"3 North Circle",420,409
"0 Scott Lane",661,320
"7604 Oxford Lane",543,123
"64235 Burrows Alley",382,217
"95063 Northridge Alley",366,766
"06 Morrow Lane",812,475
"3546 Hazelcrest Plaza",607,184
"3839 Di Loreto Avenue",159,725
"7 Killdeer Plaza",250,386
"7 Milwaukee Crossing",718,928
"356 Packers Circle",90,133
"7 Hanson Point",440,507
"00714 Almo Crossing",218,404
"89 Hudson Junction",893,744
"959 8th Trail",453,429
"53 Northfield Point",125,7
"2902 Waywood Place",396,901
"3857 Thierer Circle",249,528
"80260 Lindbergh Hill",858,843
"8 Arkansas Park",519,530
"448 Hagan Plaza",520,271
"99 3rd Drive",862,522
"98918 Iowa Circle",72,940
"6511 Briar Crest Junction",461,851
"8815 Spaight Terrace",297,162
"826 Caliangt Court",402,239
"15212 Basil Circle",168,823
"3 Buell Street",549,166
"2134 Dunning Point",826,576
"51510 Holy Cross Point",158,1000
"7664 Westport Crossing",801,829
"81 Brentwood Court",837,200
"9 Pankratz Avenue",217,906
"56 Transport Lane",215,937
"3512 Aberg Alley",518,711
"64408 Mcguire Trail",456,14
"77123 Fordem Pass",619,592
"878 High Crossing Lane",628,443
"630 Glacier Hill Center",294,285
"652 Bobwhite Terrace",31,638
"127 Dorton Point",240,667
"17855 Bunting Court",172,532
"95326 Sage Place",677,503
"8 Lerdahl Lane",131,730
"6 Cordelia Road",554,464
"4 Grim Street",24,500
"810 Annamark Avenue",516,380
"6242 Ridgeview Drive",712,598
"54 Columbus Terrace",437,118
"01 Tennessee Drive",930,551
"5973 Comanche Court",916,422
"74 Monterey Center",362,310
"0226 Cardinal Park",38,109
"9 Fremont Street",913,837
"1 Kipling Junction",14,978
"746 Anderson Parkway",192,896
"5905 Granby Drive",163,508
"6401 Calypso Center",884,777
"7177 Maple Wood Court",938,107
"58575 Petterle Court",76,171
"28140 Columbus Plaza",13,549
"739 Oak Avenue",311,867
"4 Knutson Junction",555,934
"5 Sunnyside Hill",880,147
"923 Nevada Park",320,455
"065 Rowland Hill",502,91
"7382 Vahlen Circle",533,760
"1 Hintze Trail",643,932
"9 Oxford Drive",378,732
"35608 Nova Avenue",719,256
"217 Forest Dale Court",660,10
"914 Kim Place",877,632
"57 Shopko Crossing",304,183
"44776 Killdeer Lane",599,263
"3109 Erie Road",827,665
"04 Eliot Terrace",214,810
"94710 Old Shore Center",659,77
"85 Main Pass",79,388
"81 Cody Trail",164,675
"982 Pawling Center",52,221
"84 Merry Avenue",219,666
"344 Dryden Lane",222,526
"5 Summer Ridge Lane",444,352
"6773 Lawn Place",100,962
"508 Vernon Junction",684,325
"8 Michigan Court",673,582
"2559 Forest Dale Way",479,402
"35116 Del Mar Lane",928,615
"4562 Jana Hill",6,859
"43106 Sundown Lane",896,798
"179 Troy Way",772,141
"7727 Aberg Center",909,261
"49625 Porter Plaza",447,134
"4450 Oak Valley Alley",775,48
"84810 Novick Court",359,412
"090 Schlimgen Junction",918,884
"762 Farmco Avenue",403,944
"1870 Porter Hill",122,869
"037 Northview Point",309,521
"82 Birchwood Plaza",669,900
"9 Toban Plaza",587,541
"843 New Castle Junction",794,80
"8541 Acker Trail",795,309
"122 Fairfield Road",517,427
"72179 Kennedy Pass",561,46
"9 Mcbride Way",210,456
"47 Kings Park",656,820
"7 1st Road",281,203
"164 Roxbury Point",935,661
"63 Oriole Alley",323,580
"8188 Swallow Terrace",157,55
"55 Granby Way",942,621
"9 Dryden Drive",864,378
"18768 Jenifer Place",426,538
"891 Moose Road",180,759
"7758 Knutson Terrace",746,946
"70656 Bartelt Pass",802,545
"18328 Grayhawk Center",290,392
"365 Sloan Junction",537,277
"582 Lyons Pass",48,228
"77 Loftsgordon Circle",19,672
"55 Brickson Park Court",567,941
"12135 Marcy Road",287,618
"8 7th Center",71,214
"72 Northport Avenue",12,927
"986 Ilene Drive",624,516
"84174 Hovde Plaza",41,344
"1135 Old Gate Court",2,992
"1 Debra Drive",415,37
"9483 Bartillon Point",496,12
"2 Shasta Lane",265,462
"2769 Morrow Lane",725,805
"4712 Park Meadow Parkway",637,218
"47825 Sutherland Pass",450,327
"52722 Marcy Terrace",931,273
"06 Ohio Trail",632,39
"76059 Harper Hill",813,981
"98461 Rockefeller Court",521,241
"47 Merry Crossing",883,270
"11 Homewood Point",467,855
"6 Calypso Road",39,22
"84 Blaine Road",904,346
"26730 6th Junction",649,267
"42 Rusk Circle",205,259
"7 Corscot Place",137,876
"62 Shasta Junction",185,175
"1752 Loftsgordon Park",743,716
"73227 Cascade Parkway",573,903
"3768 Pine View Court",807,369
"19467 Texas Drive",919,905
"36 Lyons Court",69,308
"57 Hayes Plaza",221,461
"3 Nova Point",394,599
"342 Northwestern Court",252,447
"4915 Pankratz Park",317,544
"713 Bluejay Junction",203,511
"5237 Haas Alley",581,445
"704 Bultman Terrace",510,990
"771 Golf View Pass",37,748
"40 Bonner Drive",369,596
"6 Haas Pass",64,201
"53 Hagan Drive",874,849
"728 Golf Course Place",854,898
"7949 8th Road",890,24
"68 Eliot Drive",925,433
"91368 Truax Way",970,682
"5420 Harper Hill",431,127
"31798 Drewry Parkway",866,611
"295 Eastlawn Alley",7,662
"886 Parkside Center",111,968
"7 Bultman Circle",732,111
"60715 Lyons Junction",169,89
"0 Hintze Court",578,53
"629 Pleasure Point",165,866
"686 Kensington Way",596,609
"19840 Boyd Avenue",476,669
"0895 Jackson Pass",846,276
"9209 Sutherland Lane",63,540
"8984 Grasskamp Place",998,75
"21 Muir Park",253,788
"4876 Gina Terrace",42,460
"15 Heath Hill",789,916
"48 Dryden Street",484,802
"0822 David Pass",697,687
"06524 Blue Bill Park Street",974,965
"65 Merry Road",166,625
"10919 Crowley Parkway",849,11
"4164 Longview Park",947,504
"16 Bashford Trail",439,560
"075 Holy Cross Pass",597,30
"89391 Alpine Road",592,832
"85 Emmet Center",822,782
"298 Onsgard Pass",595,983
"80 Grim Alley",291,980
"14472 Jenna Park",647,573
"976 Carioca Point",620,70
"3023 Mayfield Junction",413,925
"7690 Iowa Circle",488,307
"9348 Charing Cross Parkway",868,349
"82 Russell Place",819,27
"9 Rigney Parkway",739,964
"86 Almo Way",568,242
"039 Green Circle",791,212
"0 Mosinee Trail",269,963
"666 Basil Lane",282,318
"82 Stoughton Circle",46,627
"2 Huxley Drive",380,292
"04 4th Alley",190,3
"22628 Moose Place",583,79
"1 Alpine Pass",324,335
"0283 Farragut Trail",295,180
"16202 Spohn Parkway",268,850
"9185 Mariners Cove Center",965,314
"617 Blackbird Center",937,642
"151 Oneill Center",702,384
"6184 Pepper Wood Plaza",590,474
"1658 Mesta Pass",901,323
"28 Havey Way",716,198
"8 Donald Way",234,354
"9794 Debs Alley",853,562
"8 Lawn Center",238,824
"48496 3rd Place",770,284
"8234 Mifflin Street",971,977
"0556 Ronald Regan Way",600,767
"27985 Pepper Wood Point",783,723
"01 Eggendart Pass",341,257
"765 Towne Circle",303,577
"331 Center Park",609,146
"79332 Pawling Pass",844,76
"81 Tennyson Court",946,300
"62 West Drive",744,188
"113 Del Sol Road",188,59
"875 Heath Alley",667,813
"5 Emmet Center",733,568
"1836 Karstens Lane",672,302
"51 Mcguire Terrace",409,955
"1 Mandrake Circle",745,513
"931 Texas Avenue",57,883
"11470 Fairview Pass",9,497
"87 Eggendart Court",753,548
"0461 Elmside Lane",550,895
"0617 Comanche Drive",361,936
"3561 Grim Drive",898,336
"470 Sage Place",785,88
"838 Grover Center",22,98
"2 Mendota Place",152,515
"53307 Ohio Crossing",627,715
"383 Hazelcrest Lane",332,117
"123 Di Loreto Lane",331,499
"00100 Crowley Parkway",381,190
"7221 Commercial Road",33,479
"5 2nd Plaza",162,297
"1 Elgar Place",603,67
"5 Stephen Way",929,948
"82951 Sutherland Street",629,223
"80461 Swallow Parkway",392,194
"03 Memorial Road",790,35
"08688 Bonner Street",878,291
"23373 Sauthoff Plaza",497,652
"1412 Claremont Way",89,975
"550 2nd Avenue",969,490
"696 Dovetail Alley",405,25
"13 Weeping Birch Trail",608,612
"026 Sheridan Pass",109,419
"7343 Mosinee Point",86,315
"80 Delaware Circle",414,119
"60 Algoma Lane",709,920
"1095 Sommers Road",675,792
"5 Kenwood Road",44,173
"5 Melvin Lane",286,165
"944 East Avenue",353,395
"33 6th Center",779,558
"72 Marcy Junction",764,100
"27452 Center Junction",113,600
"543 5th Terrace",263,572
"8238 Esker Junction",30,416
"541 Loeprich Hill",961,713
"842 Armistice Terrace",975,311
"27930 Park Meadow Trail",419,676
"9 Merrick Way",1,747
"78105 Di Loreto Drive",270,64
"5 Prentice Crossing",565,301
"35809 Chinook Road",70,417
"79308 Harper Court",737,446
"6631 Lakeland Point",501,170
"703 Warbler Road",194,987
"5242 Sommers Street",903,650
"1061 International Lane",349,202
"9 Division Park",318,126
"37 Hanover Road",319,60
"58305 Truax Point",613,953
"5034 Summerview Park",389,778
"525 Havey Circle",873,186
"65571 Mockingbird Hill",957,827
"425 Hanover Plaza",902,130
"1959 Maywood Alley",544,407
"32 Union Alley",700,154
"22692 Towne Road",367,469
"0124 Buena Vista Road",66,734
"86 Cascade Lane",254,854
"242 Artisan Pass",99,205
"23405 Caliangt Hill",856,472
"08911 Stuart Street",160,765
"378 Transport Lane",698,952
"31 Towne Hill",246,954
"53 Dayton Hill",685,550
"038 East Place",62,424
"0 Anhalt Lane",777,996
"8027 Vera Place",690,838
"990 Browning Circle",842,366
"3498 Sachs Terrace",894,341
"18369 Brickson Park Alley",680,494
"4560 Moland Hill",857,800
"14095 Delladonna Road",36,92
"17 Kropf Way",966,351
"8 Green Ridge Pass",503,591
"592 Sunfield Center",251,578
"0 Butternut Way",696,389
"17 Dahle Street",678,571
"97 Burrows Circle",681,264
"026 Hintze Parkway",174,677
"2076 Sachtjen Terrace",644,56
"690 Birchwood Point",605,931
"27 Gerald Center",55,396
"9080 Macpherson Circle",316,806
"61 Victoria Way",351,999
"51188 Eagan Lane",551,957
"66609 Tony Parkway",135,82
"31 Golf View Place",475,260
"3 Melrose Pass",541,492
"9 Sloan Way",50,694
"677 Melvin Pass",536,74
"035 Farwell Alley",534,708
"63 Burrows Place",786,125
"797 Elmside Drive",923,405
"60 Marcy Court",182,741
"2308 Morrow Pass",327,191
"59 Prentice Point",227,338
"427 Caliangt Circle",762,155
"74 Superior Way",300,444
"4398 Brentwood Place",355,434
"67 Russell Court",80,179
"59 Goodland Parkway",859,719
"65 Holy Cross Park",648,603
"8 Kinsman Park",689,144
"346 Haas Crossing",121,66
"96 Dorton Place",47,874
"1 Declaration Avenue",325,684
"05251 Evergreen Avenue",686,358
"495 Homewood Pass",306,121
"6428 Dakota Plaza",225,196
"74 Dwight Park",322,664
"70 Thierer Hill",148,426
"5 Atwood Pass",236,935
"926 Raven Plaza",84,514
"328 Union Circle",494,420
"5464 Crest Line Hill",247,305
"9726 Golf Junction",548,43
"23005 Namekagon Parkway",584,830
"36 Saint Paul Way",223,757
"57 Lakewood Gardens Road",370,595
"63046 Westport Terrace",364,374
"2147 Arrowood Pass",569,381
"58 Ridge Oak Parkway",123,106
"47 Bay Plaza",530,69
"295 Hintze Place",663,943
"49 Melrose Pass",525,20
"529 Transport Terrace",313,372
"1646 Judy Terrace",981,834
"82188 Duke Lane",407,584
"84695 Lakeland Lane",441,848
"052 Barby Street",993,28
"55873 Superior Trail",397,601
"53 Algoma Parkway",514,815
"5 Fulton Park",944,689
"0055 Prairieview Trail",793,779
"4 Dayton Pass",910,159
"20 Dapin Court",357,208
"2616 Farwell Parkway",423,174
"1806 Dunning Junction",994,628
"02875 Linden Point",986,255
"034 Elmside Place",54,345
"51685 Schurz Alley",226,428
"2472 Arizona Crossing",117,781
"5039 Claremont Parkway",385,287
"656 Moose Court",82,703
"5661 Sullivan Park",889,401
"1 Arizona Hill",798,505
"9229 Buhler Road",983,6
"6 Mariners Cove Crossing",797,187
"60824 Menomonie Trail",751,295
"9186 Fair Oaks Center",665,546
"0521 Shelley Alley",105,945
"7480 Lien Pass",949,797
"4449 Crownhardt Place",710,746
"558 Rowland Pass",156,44
"947 Anthes Hill",714,182
"38 Arrowood Avenue",529,658
"785 Dawn Pass",167,29
"8 Westerfield Plaza",296,780
"80 Hanson Avenue",258,185
"7972 Elgar Plaza",154,657
"2 Moland Trail",212,278
"2 Amoth Drive",839,736
"80388 Stoughton Court",654,152
"43 Crowley Court",860,293
"33 Debra Junction",408,304
"1685 Esch Plaza",308,299
"5 Del Mar Avenue",833,178
"3 Golf Course Way",922,988
"97865 Nancy Crossing",336,104
"1501 Milwaukee Circle",457,685
"375 Coleman Pass",108,368
"66306 Sachtjen Avenue",224,704
"00865 Sugar Hill",832,518
"9064 4th Road",940,602
"65781 Toban Street",763,13
"74470 Iowa Court",704,563
"572 Northport Plaza",756,251
"769 Scofield Pass",506,61
"9 Mandrake Avenue",734,630
"18857 Waxwing Point",345,31
"494 6th Alley",515,519
"21 Basil Trail",722,880
"6 Londonderry Drive",676,399
"88 Delaware Plaza",996,153
"54338 Graceland Street",995,750
"31 Parkside Terrace",771,425
"97 Talisman Pass",91,697
"8 Ryan Junction",703,262
"46359 Vera Point",279,622
"495 Talmadge Place",372,62
"95364 Vernon Road",1012,985
"771 Eagan Park",1013,986
"378 Mesta Alley",1014,987
"6 Milwaukee Trail",1015,988
"23 Starling Crossing",1016,989
"17 Little Fleur Terrace",1017,990
"06734 Monica Road",1018,991
"7388 Lindbergh Terrace",1019,992
"4607 Brentwood Drive",1020,993
"41223 Hoepker Street",1021,994
"07251 Basil Terrace",1022,995
"704 Corscot Plaza",1023,996
"753 Warner Parkway",1024,997
"94 Kennedy Place",1025,998
"57044 Kenwood Lane",1026,999
"36317 Butternut Parkway",1027,1000
"0 Debs Place",1028,1001
"6 Blaine Court",1029,1002
"54 Maple Court",1030,1003
"9 Burning Wood Avenue",1031,1004
"82 Vahlen Avenue",1032,1005
"3358 Maple Junction",1033,1006
"857 Muir Terrace",1034,1007
"9 Fieldstone Lane",1035,1008
"0162 Monterey Plaza",1036,1009
"498 Vermont Street",1037,1010
"61969 Hovde Drive",1038,1011
"73501 Thackeray Circle",1039,1012
"99 South Center",1040,1013
"68 Commercial Hill",1041,1014
"94851 Comanche Park",1042,1015
"3 Alpine Trail",1043,1016
"7708 Del Mar Trail",1044,1017
"1 Victoria Alley",1045,1018
"0590 Merry Plaza",1046,1019
"81 Lillian Street",1047,1020
"7 Florence Alley",1048,1021
"582 Sage Parkway",1049,1022
"80517 Melrose Point",1050,1023
"56 Clemons Junction",1051,1024
"72866 Knutson Parkway",1052,1025
"30935 8th Drive",1053,1026
"6 Fremont Crossing",1054,1027
"0377 Garrison Way",1055,1028
"4 Lawn Road",1056,1029
"5689 Vidon Place",1057,1030
"3621 Ridgeway Drive",1058,1031
"4 Forest Run Place",1059,1032
"59 Goodland Way",1060,1033
"377 Morning Center",1061,1034
"430 Buena Vista Terrace",1062,1035
"2 Forest Run Trail",1063,1036
"9128 Hermina Pass",1064,1037
"03 Golf Course Crossing",1065,1038
"6116 East Circle",1066,1039
"1151 Columbus Trail",1067,1040
"484 Golf Lane",1068,1041
"24 Twin Pines Park",1069,1042
"36 Summit Parkway",1070,1043
"7904 Oak Park",1071,1044
"0 Corscot Drive",1072,1045
"647 Twin Pines Center",1073,1046
"54174 International Circle",1074,1047
"0 Superior Point",1075,1048
"9816 Anderson Circle",1076,1049
"6255 Valley Edge Hill",1077,1050
"304 Derek Circle",1078,1051
"53 Sycamore Lane",1079,1052
"40807 Cambridge Park",1080,1053
"8 Surrey Terrace",1081,1054
"43 Cody Hill",1082,1055
"210 Leroy Place",1083,1056
"6307 New Castle Hill",1084,1057
"7 Duke Court",1085,1058
"821 Merry Way",1086,1059
"91297 Heath Parkway",1087,1060
"317 Manley Court",1088,1061
"9881 Goodland Way",1089,1062
"0130 Summit Court",1090,1063
"1127 Gerald Trail",1091,1064
"2324 Pearson Lane",1092,1065
"20 Corry Street",1093,1066
"3 Lindbergh Plaza",1094,1067
"399 Hansons Junction",1095,1068
"0 Eastlawn Alley",1096,1069
"94504 Schmedeman Street",1097,1070
"8 Elka Center",1098,1071
"872 Clove Place",1099,1072
"138 Paget Avenue",1100,1073
"4054 Independence Plaza",1101,1074
"9 Tennessee Plaza",1102,1075
"56 Kensington Circle",1103,1076
"22 Washington Park",1104,1077
"57 Southridge Circle",1105,1078
"641 Anderson Drive",1106,1079
"94378 Novick Crossing",1107,1080
"40 Mandrake Crossing",1108,1081
"55868 Porter Way",1109,1082
"0 Sutherland Drive",1110,1083
"0 Scoville Avenue",1111,1084
"3069 Dahle Park",1112,1085
"492 Hallows Way",1113,1086
"695 Holy Cross Point",1114,1087
"8157 Drewry Drive",1115,1088
"29 Westridge Parkway",1116,1089
"19084 Evergreen Drive",1117,1090
"97611 Evergreen Court",1118,1091
"5853 Carioca Junction",1119,1092
"98 Ludington Crossing",1120,1093
"190 Northport Hill",1121,1094
"3 Butternut Parkway",1122,1095
"17067 Buena Vista Lane",1123,1096
"9484 Drewry Drive",1124,1097
"0600 Glacier Hill Street",1125,1098
"25856 Ludington Way",1126,1099
"4737 Service Crossing",1127,1100
"006 Bowman Trail",1128,1101
"46598 Village Green Road",1129,1102
"599 Muir Crossing",1130,1103
"7 Homewood Road",1131,1104
"1 Eastwood Hill",1132,1105
"11 Westerfield Parkway",1133,1106
"26560 Village Terrace",1134,1107
"14 Union Way",1135,1108
"73 Merchant Park",1136,1109
"35 Miller Place",1137,1110
"3 Larry Parkway",1138,1111
"9175 Dayton Crossing",1139,1112
"5 Bunting Court",1140,1113
"4 Prentice Court",1141,1114
"60 Brentwood Trail",1142,1115
"97 Knutson Alley",1143,1116
"502 Ronald Regan Point",1144,1117
"1008 Iowa Place",1145,1118
"8 North Court",1146,1119
"6404 Northview Junction",1147,1120
"28013 Southridge Hill",1148,1121
"2 Milwaukee Crossing",1149,1122
"7 1st Pass",1150,1123
"3 Kinsman Way",1151,1124
"09805 Sunbrook Circle",1152,1125
"932 Dovetail Center",1153,1126
"282 Derek Point",1154,1127
"008 Vidon Park",1155,1128
"6606 Upham Center",1156,1129
"8 Arrowood Drive",1157,1130
"8 Scofield Pass",1158,1131
"8 Sloan Crossing",1159,1132
"35 Elmside Place",1160,1133
"19935 Sunfield Crossing",1161,1134
"9 Porter Crossing",1162,1135
"99558 Corben Pass",1163,1136
"9 Holy Cross Point",1164,1137
"6231 Rigney Parkway",1165,1138
"0 Loeprich Point",1166,1139
"448 Loomis Court",1167,1140
"59 Lindbergh Road",1168,1141
"7365 Ronald Regan Street",1169,1142
"48 Shasta Terrace",1170,1143
"49 Brentwood Alley",1171,1144
"3491 Kipling Way",1172,1145
"62916 Knutson Way",1173,1146
"35 Roxbury Lane",1174,1147
"03480 Jackson Road",1175,1148
"899 Reinke Parkway",1176,1149
"3442 Eggendart Lane",1177,1150
"5543 Rutledge Circle",1178,1151
"7139 High Crossing Alley",1179,1152
"6 Upham Road",1180,1153
"2 Miller Street",1181,1154
"942 Village Plaza",1182,1155
"81188 Corscot Drive",1183,1156
"4 Prentice Center",1184,1157
"56574 Welch Trail",1185,1158
"08 Fuller Junction",1186,1159
"306 Montana Trail",1187,1160
"896 Marquette Alley",1188,1161
"026 High Crossing Park",1189,1162
"067 Acker Crossing",1190,1163
"19 Sachtjen Hill",1191,1164
"36 Lotheville Park",1192,1165
"28 Sommers Center",1193,1166
"087 Laurel Parkway",1194,1167
"0 Corben Alley",1195,1168
"788 Sugar Circle",1196,1169
"28 Montana Drive",1197,1170
"297 Park Meadow Lane",1198,1171
"0669 Dottie Place",1199,1172
"4041 Arkansas Plaza",1200,1173
"366 Amoth Parkway",1201,1174
"2169 Pine View Alley",1202,1175
"74 Golf Course Drive",1203,1176
"5 Cardinal Drive",1204,1177
"90750 Park Meadow Trail",1205,1178
"717 Bellgrove Point",1206,1179
"5 Marcy Terrace",1207,1180
"32362 Golf View Court",1208,1181
"8 Mallard Plaza",1209,1182
"4 5th Trail",1210,1183
"164 Cascade Way",1211,1184
"21 Westend Avenue",1212,1185
"025 Carpenter Center",1213,1186
"54405 Jay Trail",1214,1187
"87 Trailsway Point",1215,1188
"00300 Dixon Pass",1216,1189
"043 Clarendon Road",1217,1190
"121 Buena Vista Road",1218,1191
"35939 Pine View Trail",1219,1192
"325 Badeau Point",1220,1193
"3828 Kropf Plaza",1221,1194
"18 Forest Pass",1222,1195
"1009 Basil Center",1223,1196
"70 Veith Circle",1224,1197
"7322 Nevada Point",1225,1198
"454 Roth Circle",1226,1199
"6 Duke Lane",1227,1200
"45663 Ruskin Parkway",1228,1201
"93370 Vidon Park",1229,1202
"5 Talisman Plaza",1230,1203
"12 Starling Plaza",1231,1204
"83024 Annamark Drive",1232,1205
"4 Bultman Plaza",1233,1206
"5 Ramsey Alley",1234,1207
"996 Darwin Hill",1235,1208
"423 Dottie Pass",1236,1209
"7 Steensland Court",1237,1210
"493 Arrowood Crossing",1238,1211
"57 Claremont Plaza",1239,1212
"02431 Burrows Road",1240,1213
"3 New Castle Circle",1241,1214
"9 Springs Pass",1242,1215
"2 Dahle Park",1243,1216
"647 Menomonie Place",1244,1217
"73 Badeau Lane",1245,1218
"890 Kim Crossing",1246,1219
"869 Westport Way",1247,1220
"318 Westport Junction",1248,1221
"41123 Badeau Park",1249,1222
"71749 David Pass",1250,1223
"190 Chive Hill",1251,1224
"5 Algoma Lane",1252,1225
"2 Mosinee Court",1253,1226
"2 Spohn Court",1254,1227
"287 Karstens Lane",1255,1228
"38 Arkansas Circle",1256,1229
"050 Pine View Road",1257,1230
"26696 Steensland Drive",1258,1231
"889 Johnson Park",1259,1232
"04620 Fremont Crossing",1260,1233
"4473 David Crossing",1261,1234
"3327 Gina Drive",1262,1235
"00990 1st Center",1263,1236
"07669 Caliangt Park",1264,1237
"1725 Lerdahl Point",1265,1238
"1 Garrison Trail",1266,1239
"7 Havey Crossing",1267,1240
"36 Bellgrove Way",1268,1241
"0 Eagle Crest Park",1269,1242
"01690 Towne Pass",1270,1243
"7 5th Street",1271,1244
"1854 Starling Street",1272,1245
"693 Twin Pines Terrace",1273,1246
"1743 Orin Circle",1274,1247
"3 4th Parkway",1275,1248
"7 Blackbird Place",1276,1249
"72930 Delaware Avenue",1277,1250
"66 Crownhardt Hill",1278,1251
"0 Lien Point",1279,1252
"9 Jana Park",1280,1253
"645 Westend Street",1281,1254
"32796 Eagan Drive",1282,1255
"0198 Waubesa Lane",1283,1256
"80388 Del Sol Trail",1284,1257
"075 Golf Avenue",1285,1258
"53141 Corscot Drive",1286,1259
"4420 American Ash Parkway",1287,1260
"34278 Holmberg Lane",1288,1261
"2733 Carey Junction",1289,1262
"6 Northland Way",1290,1263
"9167 6th Junction",1291,1264
"2766 Southridge Parkway",1292,1265
"7869 Burning Wood Lane",1293,1266
"7 Pearson Road",1294,1267
"54202 Mariners Cove Parkway",1295,1268
"87 Pierstorff Street",1296,1269
"2360 Tennessee Lane",1297,1270
"893 Green Court",1298,1271
"6232 Lien Trail",1299,1272
"077 Cordelia Pass",1300,1273
"9238 Sugar Way",1301,1274
"7 Ramsey Alley",1302,1275
"810 Bay Street",1303,1276
"4 Haas Street",1304,1277
"14984 Green Lane",1305,1278
"1 Prairie Rose Lane",1306,1279
"1860 Maple Wood Circle",1307,1280
"9457 Brown Place",1308,1281
"3901 Darwin Place",1309,1282
"96 Myrtle Hill",1310,1283
"96 Kropf Avenue",1311,1284
"47 Old Shore Road",1312,1285
"6 Waubesa Parkway",1313,1286
"59 Muir Drive",1314,1287
"995 Thompson Pass",1315,1288
"55798 Clove Lane",1316,1289
"369 Del Mar Lane",1317,1290
"8501 Manitowish Place",1318,1291
"00071 Sachtjen Crossing",1319,1292
"08 Shoshone Hill",1320,1293
"558 Holmberg Pass",1321,1294
"22519 Amoth Plaza",1322,1295
"5 Springview Lane",1323,1296
"48232 Mockingbird Crossing",1324,1297
"7 3rd Way",1325,1298
"0609 Jackson Place",1326,1299
"6210 Maple Wood Trail",1327,1300
"838 Dennis Road",1328,1301
"9 Hagan Street",1329,1302
"4562 Bowman Court",1330,1303
"944 Colorado Hill",1331,1304
"4705 Larry Court",1332,1305
"330 Hintze Parkway",1333,1306
"22636 Rutledge Pass",1334,1307
"3 Barby Court",1335,1308
"32626 Eastlawn Plaza",1336,1309
"23 Declaration Trail",1337,1310
"1060 Rockefeller Hill",1338,1311
"118 Amoth Way",1339,1312
"929 Dwight Point",1340,1313
"99 Schlimgen Avenue",1341,1314
"68 Comanche Alley",1342,1315
"394 Ludington Lane",1343,1316
"3 Jenifer Pass",1344,1317
"3106 Towne Avenue",1345,1318
"60953 Nancy Center",1346,1319
"7 5th Junction",1347,1320
"74 Carioca Terrace",1348,1321
"875 Sunnyside Junction",1349,1322
"27847 Prairieview Center",1350,1323
"5834 Riverside Pass",1351,1324
"6090 Prairieview Lane",1352,1325
"7426 Continental Plaza",1353,1326
"5599 Corben Lane",1354,1327
"65918 Rusk Hill",1355,1328
"77 Stuart Alley",1356,1329
"2 Northridge Point",1357,1330
"57 Utah Way",1358,1331
"05 Hansons Drive",1359,1332
"2016 Pleasure Point",1360,1333
"0 Di Loreto Way",1361,1334
"481 Brentwood Street",1362,1335
"21128 Fair Oaks Pass",1363,1336
"952 Nelson Circle",1364,1337
"9708 Brown Street",1365,1338
"1522 8th Way",1366,1339
"015 Steensland Park",1367,1340
"1808 Macpherson Place",1368,1341
"19117 Summit Road",1369,1342
"80 Saint Paul Crossing",1370,1343
"32717 Crowley Avenue",1371,1344
"7762 Stoughton Parkway",1372,1345
"7 Schurz Road",1373,1346
"011 Commercial Point",1374,1347
"15 Judy Place",1375,1348
"334 Melody Road",1376,1349
"321 Mayfield Court",1377,1350
"665 Moulton Park",1378,1351
"6628 Sugar Junction",1379,1352
"2486 Steensland Court",1380,1353
"1305 Dayton Point",1381,1354
"1 Monterey Circle",1382,1355
"7 Prairieview Circle",1383,1356
"23242 Stephen Park",1384,1357
"636 Browning Hill",1385,1358
"677 Dakota Point",1386,1359
"93 Cambridge Plaza",1387,1360
"1 Jackson Junction",1388,1361
"7 Ronald Regan Trail",1389,1362
"91274 Northport Point",1390,1363
"473 Lien Place",1391,1364
"213 Corscot Place",1392,1365
"205 Oak Valley Pass",1393,1366
"66 Bunting Circle",1394,1367
"1582 Fieldstone Junction",1395,1368
"1 Fieldstone Court",1396,1369
"66 Haas Circle",1397,1370
"79 Mandrake Circle",1398,1371
"96028 Truax Place",1399,1372
"9376 Tomscot Pass",1400,1373
"9727 Bluestem Place",1401,1374
"0 Village Green Plaza",1402,1375
"0096 Logan Crossing",1403,1376
"6356 Morning Park",1404,1377
"2 Lillian Circle",1405,1378
"25 Bluejay Point",1406,1379
"12610 Gerald Junction",1407,1380
"6 Ohio Junction",1408,1381
"225 Eastwood Center",1409,1382
"2443 Nova Terrace",1410,1383
"25914 Manufacturers Center",1411,1384
"14117 Melrose Park",1412,1385
"94 Mayfield Park",1413,1386
"75982 Mccormick Alley",1414,1387
"84 Mitchell Parkway",1415,1388
"16 Calypso Drive",1416,1389
"1422 Jenna Crossing",1417,1390
"79203 Londonderry Crossing",1418,1391
"73 Burning Wood Street",1419,1392
"3 Laurel Alley",1420,1393
"88 Tony Trail",1421,1394
"7194 Hanson Terrace",1422,1395
"6 Charing Cross Trail",1423,1396
"5164 John Wall Park",1424,1397
"039 Heath Terrace",1425,1398
"4 Loeprich Parkway",1426,1399
"7814 Delladonna Park",1427,1400
"41592 Waubesa Terrace",1428,1401
"7 Packers Place",1429,1402
"4 Waubesa Point",1430,1403
"05341 Village Green Terrace",1431,1404
"2 High Crossing Trail",1432,1405
"81 Grayhawk Plaza",1433,1406
"60 5th Junction",1434,1407
"137 Larry Avenue",1435,1408
"36 Upham Center",1436,1409
"22555 Nelson Parkway",1437,1410
"03 Tomscot Drive",1438,1411
"4188 Prentice Center",1439,1412
"91475 Menomonie Park",1440,1413
"2587 Green Ridge Junction",1441,1414
"1961 Clove Drive",1442,1415
"25701 Bellgrove Avenue",1443,1416
"47895 Brown Street",1444,1417
"05695 Bellgrove Parkway",1445,1418
"32 Toban Court",1446,1419
"07714 Bayside Court",1447,1420
"7280 Larry Lane",1448,1421
"8 Eagan Trail",1449,1422
"370 Anhalt Center",1450,1423
"636 Maple Terrace",1451,1424
"8889 Namekagon Alley",1452,1425
"64 Bultman Crossing",1453,1426
"8528 Melody Avenue",1454,1427
"0896 Amoth Trail",1455,1428
"9 Pepper Wood Avenue",1456,1429
"40454 Hovde Place",1457,1430
"34436 Lakewood Circle",1458,1431
"92754 Redwing Pass",1459,1432
"1 Londonderry Park",1460,1433
"5812 Oriole Circle",1461,1434
"61812 Leroy Parkway",1462,1435
"87841 Del Sol Park",1463,1436
"90 Kenwood Park",1464,1437
"4 Briar Crest Circle",1465,1438
"0 Longview Trail",1466,1439
"3 1st Avenue",1467,1440
"199 Hintze Park",1468,1441
"9035 Dayton Hill",1469,1442
"309 Haas Street",1470,1443
"43 Sugar Crossing",1471,1444
"37499 Scofield Pass",1472,1445
"5330 Montana Park",1473,1446
"783 Namekagon Trail",1474,1447
"770 Merry Road",1475,1448
"44 Kensington Plaza",1476,1449
"6 Reindahl Park",1477,1450
"255 Lakeland Drive",1478,1451
"154 Shoshone Terrace",1479,1452
"8 Arizona Place",1480,1453
"76 Knutson Terrace",1481,1454
"1168 Melrose Junction",1482,1455
"63 Farragut Point",1483,1456
"0 Roth Drive",1484,1457
"1933 Milwaukee Road",1485,1458
"16 Kim Road",1486,1459
"88965 Fisk Alley",1487,1460
"7812 Forest Dale Alley",1488,1461
"1307 Pierstorff Parkway",1489,1462
"25575 Bluestem Court",1490,1463
"7 Loeprich Pass",1491,1464
"9 Ruskin Street",1492,1465
"9566 Old Shore Alley",1493,1466
"5 4th Alley",1494,1467
"50 Main Lane",1495,1468
"2 Susan Place",1496,1469
"561 Norway Maple Court",1497,1470
"5 Northport Avenue",1498,1471
"755 Mcbride Avenue",1499,1472
"55 Mallory Street",1500,1473
"646 Farragut Lane",1501,1474
"6 Jay Trail",1502,1475
"238 Anderson Plaza",1503,1476
"57 Prairie Rose Court",1504,1477
"04122 Delaware Plaza",1505,1478
"693 Arapahoe Place",1506,1479
"29644 Derek Parkway",1507,1480
"8 Rieder Terrace",1508,1481
"555 Debs Center",1509,1482
"095 Sommers Terrace",1510,1483
"09880 Roxbury Drive",1511,1484
"4 Dakota Court",1512,1485
"54056 Clyde Gallagher Trail",1513,1486
"0004 1st Parkway",1514,1487
"57905 Declaration Lane",1515,1488
"3995 Northview Alley",1516,1489
"26 Lakewood Gardens Circle",1517,1490
"04 Harper Hill",1518,1491
"0 Dawn Circle",1519,1492
"2 Morrow Road",1520,1493
"0 Dottie Road",1521,1494
"143 Golf Course Avenue",1522,1495
"455 Artisan Court",1523,1496
"0054 Caliangt Point",1524,1497
"673 Larry Way",1525,1498
"91 Village Parkway",1526,1499
"34465 Talmadge Street",1527,1500
"520 Loftsgordon Trail",1528,1501
"4635 Pierstorff Court",1529,1502
"6423 Petterle Junction",1530,1503
"8465 Susan Court",1531,1504
"414 Granby Pass",1532,1505
"5198 Lunder Plaza",1533,1506
"48 Northland Junction",1534,1507
"831 Tennyson Road",1535,1508
"9097 Independence Point",1536,1509
"464 Oxford Street",1537,1510
"69341 Meadow Valley Lane",1538,1511
"2 Gulseth Park",1539,1512
"9015 Atwood Street",1540,1513
"04429 Vidon Court",1541,1514
"0683 East Place",1542,1515
"6887 Morning Avenue",1543,1516
"2086 Porter Hill",1544,1517
"65348 Emmet Crossing",1545,1518
"89683 Spohn Terrace",1546,1519
"8 Grim Pass",1547,1520
"9527 Namekagon Road",1548,1521
"08 Northview Point",1549,1522
"82 Mayer Hill",1550,1523
"75931 Chive Alley",1551,1524
"25 Namekagon Road",1552,1525
"42005 Hudson Trail",1553,1526
"8695 Roth Lane",1554,1527
"4 Duke Avenue",1555,1528
"02052 Eastwood Court",1556,1529
"36 Sloan Drive",1557,1530
"6 Killdeer Lane",1558,1531
"057 Clove Park",1559,1532
"1 Sage Alley",1560,1533
"62100 Westend Avenue",1561,1534
"64736 Sachs Junction",1562,1535
"3596 Evergreen Parkway",1563,1536
"21547 Basil Circle",1564,1537
"78 West Avenue",1565,1538
"151 Kinsman Park",1566,1539
"312 Nevada Park",1567,1540
"76571 Lakewood Terrace",1568,1541
"0 Eggendart Place",1569,1542
"52 Lillian Avenue",1570,1543
"56649 Raven Hill",1571,1544
"901 Sauthoff Street",1572,1545
"79 Arizona Place",1573,1546
"2029 Union Street",1574,1547
"90842 Nevada Parkway",1575,1548
"31 Corben Place",1576,1549
"1721 Schiller Court",1577,1550
"3480 Melody Way",1578,1551
"37 Moland Parkway",1579,1552
"61 Upham Place",1580,1553
"49 Sutherland Center",1581,1554
"63553 Rieder Circle",1582,1555
"722 Holmberg Street",1583,1556
"74848 Mccormick Junction",1584,1557
"14 Lukken Center",1585,1558
"20402 Steensland Center",1586,1559
"47 Sage Point",1587,1560
"2138 Lakewood Gardens Junction",1588,1561
"5051 Ilene Drive",1589,1562
"656 Larry Place",1590,1563
"4 Oriole Parkway",1591,1564
"6 Fordem Center",1592,1565
"4 Arrowood Alley",1593,1566
"9 Mccormick Parkway",1594,1567
"4111 Goodland Way",1595,1568
"7904 Daystar Terrace",1596,1569
"5553 Onsgard Plaza",1597,1570
"8 Gina Center",1598,1571
"97 Rockefeller Park",1599,1572
"4 Anderson Center",1600,1573
"50254 Alpine Point",1601,1574
"35 Mallory Street",1602,1575
"55 Northridge Court",1603,1576
"901 Tomscot Terrace",1604,1577
"11250 Warbler Court",1605,1578
"4163 Thierer Trail",1606,1579
"0 Lindbergh Plaza",1607,1580
"1480 Reindahl Point",1608,1581
"13911 Green Ridge Road",1609,1582
"8 Southridge Terrace",1610,1583
"908 Corry Point",1611,1584
"704 Columbus Pass",1612,1585
"6306 Carberry Road",1613,1586
"5 Autumn Leaf Park",1614,1587
"9 Coleman Point",1615,1588
"32413 Sugar Trail",1616,1589
"78606 Milwaukee Street",1617,1590
"9835 Main Lane",1618,1591
"77912 Hanover Drive",1619,1592
"9 Jenifer Circle",1620,1593
"4 Columbus Pass",1621,1594
"22 Lerdahl Road",1622,1595
"622 Arrowood Road",1623,1596
"8644 Raven Place",1624,1597
"7008 Aberg Avenue",1625,1598
"580 Surrey Terrace",1626,1599
"54 Di Loreto Avenue",1627,1600
"334 Service Court",1628,1601
"951 Trailsway Alley",1629,1602
"59127 Ronald Regan Park",1630,1603
"64997 Center Street",1631,1604
"7322 Delaware Center",1632,1605
"63 Northridge Lane",1633,1606
"703 Manley Lane",1634,1607
"75319 Banding Alley",1635,1608
"816 Novick Point",1636,1609
"36 Packers Junction",1637,1610
"227 Delladonna Center",1638,1611
"8654 Old Gate Place",1639,1612
"863 Londonderry Center",1640,1613
"763 Jay Street",1641,1614
"028 Holy Cross Trail",1642,1615
"073 Bellgrove Avenue",1643,1616
"9 Northview Trail",1644,1617
"847 Anthes Parkway",1645,1618
"61047 East Avenue",1646,1619
"65 Shopko Lane",1647,1620
"51189 Manitowish Street",1648,1621
"25 Bluestem Junction",1649,1622
"45003 5th Hill",1650,1623
"5778 Lake View Plaza",1651,1624
"69 Butterfield Place",1652,1625
"767 Maple Court",1653,1626
"7 Pierstorff Pass",1654,1627
"15105 Warner Drive",1655,1628
"22 Village Green Plaza",1656,1629
"6 Arrowood Street",1657,1630
"89245 2nd Terrace",1658,1631
"76354 New Castle Hill",1659,1632
"0 Chinook Hill",1660,1633
"41 Towne Circle",1661,1634
"188 Schiller Circle",1662,1635
"07606 Northview Point",1663,1636
"23990 Mariners Cove Court",1664,1637
"7289 Scoville Street",1665,1638
"4006 Miller Road",1666,1639
"64 Green Ridge Terrace",1667,1640
"67 Morrow Point",1668,1641
"3 Saint Paul Point",1669,1642
"5 Main Drive",1670,1643
"023 Carpenter Alley",1671,1644
"89005 Dexter Plaza",1672,1645
"7434 Luster Circle",1673,1646
"81 Almo Court",1674,1647
"92003 Old Shore Place",1675,1648
"12 Dunning Lane",1676,1649
"584 Birchwood Avenue",1677,1650
"4590 Lunder Avenue",1678,1651
"306 Upham Road",1679,1652
"1859 Menomonie Lane",1680,1653
"0 East Park",1681,1654
"997 Fordem Circle",1682,1655
"0180 Reindahl Crossing",1683,1656
"74 Crowley Parkway",1684,1657
"3 Basil Road",1685,1658
"16 Crowley Parkway",1686,1659
"6 Superior Avenue",1687,1660
"2508 Anderson Park",1688,1661
"043 David Street",1689,1662
"9 Bellgrove Park",1690,1663
"528 Sheridan Point",1691,1664
"44160 Morningstar Way",1692,1665
"12223 Bunker Hill Center",1693,1666
"8014 Rusk Parkway",1694,1667
"99 Old Shore Hill",1695,1668
"2070 Northridge Plaza",1696,1669
"456 Texas Crossing",1697,1670
"307 Montana Avenue",1698,1671
"28 South Center",1699,1672
"343 Onsgard Street",1700,1673
"7909 Manitowish Point",1701,1674
"73843 Judy Park",1702,1675
"34108 Hazelcrest Lane",1703,1676
"0231 Loomis Terrace",1704,1677
"33 Bultman Road",1705,1678
"9 Alpine Street",1706,1679
"29 Roth Parkway",1707,1680
"8 Westend Drive",1708,1681
"4081 Fremont Alley",1709,1682
"44149 Elka Avenue",1710,1683
"88023 Hovde Lane",1711,1684
"2 Blue Bill Park Crossing",1712,1685
"0 Lukken Alley",1713,1686
"8166 Clemons Terrace",1714,1687
"301 Waywood Court",1715,1688
"50 Stang Center",1716,1689
"25 Russell Drive",1717,1690
"25716 Kim Crossing",1718,1691
"64373 Burning Wood Pass",1719,1692
"0479 Debra Circle",1720,1693
"48552 Hoffman Lane",1721,1694
"7 Briar Crest Terrace",1722,1695
"7591 Badeau Parkway",1723,1696
"01392 Fieldstone Alley",1724,1697
"06482 Michigan Point",1725,1698
"0 Loeprich Trail",1726,1699
"1841 Westridge Avenue",1727,1700
"1 Grover Parkway",1728,1701
"205 Harbort Trail",1729,1702
"167 Summer Ridge Drive",1730,1703
"320 Roxbury Parkway",1731,1704
"50583 Hoard Lane",1732,1705
"2749 Shoshone Park",1733,1706
"95 Linden Place",1734,1707
"558 Paget Drive",1735,1708
"76 Shasta Lane",1736,1709
"184 Huxley Parkway",1737,1710
"5 Northport Trail",1738,1711
"41 Southridge Hill",1739,1712
"8 Brickson Park Park",1740,1713
"55 Mitchell Lane",1741,1714
"6 Village Drive",1742,1715
"931 Ridgeview Terrace",1743,1716
"91 Sycamore Hill",1744,1717
"99005 Mallory Trail",1745,1718
"40 Ridge Oak Street",1746,1719
"191 Porter Alley",1747,1720
"793 Lyons Crossing",1748,1721
"4193 Valley Edge Circle",1749,1722
"57775 Sugar Pass",1750,1723
"1394 5th Plaza",1751,1724
"8 Homewood Lane",1752,1725
"18366 Bashford Hill",1753,1726
"87663 Monument Court",1754,1727
"10 Lotheville Street",1755,1728
"06766 Buhler Parkway",1756,1729
"39 Carey Pass",1757,1730
"2870 7th Alley",1758,1731
"1 Waubesa Circle",1759,1732
"494 Cordelia Road",1760,1733
"19073 Arapahoe Hill",1761,1734
"112 Dunning Center",1762,1735
"4834 Tennessee Street",1763,1736
"65 Becker Junction",1764,1737
"3 Ridgeview Hill",1765,1738
"5 Crownhardt Hill",1766,1739
"79451 Sauthoff Avenue",1767,1740
"035 Kingsford Alley",1768,1741
"40620 Lotheville Place",1769,1742
"03850 North Pass",1770,1743
"0 Stuart Trail",1771,1744
"627 Ilene Lane",1772,1745
"47 Vahlen Alley",1773,1746
"9862 Village Place",1774,1747
"86079 Sachtjen Terrace",1775,1748
"7 Pond Way",1776,1749
"84037 Havey Center",1777,1750
"3 Twin Pines Drive",1778,1751
"20985 Mariners Cove Hill",1779,1752
"9 Becker Circle",1780,1753
"16 Sutherland Hill",1781,1754
"11969 Northridge Trail",1782,1755
"3248 North Point",1783,1756
"55784 Pepper Wood Center",1784,1757
"634 Crescent Oaks Drive",1785,1758
"707 Blue Bill Park Point",1786,1759
"23 Merchant Crossing",1787,1760
"3873 Bluestem Pass",1788,1761
"4 Starling Lane",1789,1762
"412 Corry Trail",1790,1763
"190 Trailsway Avenue",1791,1764
"2699 Jay Road",1792,1765
"2842 Westridge Trail",1793,1766
"266 Hanson Street",1794,1767
"11 La Follette Terrace",1795,1768
"0 Ridgeway Drive",1796,1769
"6 Cardinal Avenue",1797,1770
"123 Mallard Way",1798,1771
"765 Anthes Hill",1799,1772
"86030 Rigney Park",1800,1773
"42871 Manitowish Plaza",1801,1774
"32386 Troy Center",1802,1775
"0 Pine View Court",1803,1776
"73270 Calypso Pass",1804,1777
"770 Sunnyside Lane",1805,1778
"65 Dwight Road",1806,1779
"94027 Ramsey Lane",1807,1780
"2273 Twin Pines Park",1808,1781
"8 Upham Street",1809,1782
"943 Sage Point",1810,1783
"57 Schmedeman Crossing",1811,1784
"90 7th Crossing",1812,1785
"0 Carey Terrace",1813,1786
"23 American Ash Circle",1814,1787
"6156 Riverside Terrace",1815,1788
"29676 Anzinger Road",1816,1789
"0 Swallow Parkway",1817,1790
"91347 Mesta Pass",1818,1791
"00 Judy Circle",1819,1792
"67507 Dryden Parkway",1820,1793
"443 Clemons Plaza",1821,1794
"0882 Red Cloud Junction",1822,1795
"77549 Loomis Center",1823,1796
"4078 Dexter Road",1824,1797
"2546 Loeprich Junction",1825,1798
"56997 Corry Crossing",1826,1799
"1 Little Fleur Lane",1827,1800
"153 Butternut Street",1828,1801
"6 Golden Leaf Parkway",1829,1802
"1232 Mockingbird Lane",1830,1803
"58 North Drive",1831,1804
"4 Wayridge Terrace",1832,1805
"46795 Badeau Crossing",1833,1806
"03 4th Junction",1834,1807
"48 Cambridge Crossing",1835,1808
"02517 Fulton Alley",1836,1809
"98 Sutherland Court",1837,1810
"54723 Summerview Circle",1838,1811
"820 Schmedeman Terrace",1839,1812
"9 Arkansas Lane",1840,1813
"8 Thackeray Plaza",1841,1814
"349 Kedzie Way",1842,1815
"281 Talisman Plaza",1843,1816
"8757 Sage Place",1844,1817
"6786 Manley Place",1845,1818
"7 Mariners Cove Road",1846,1819
"4732 Shopko Court",1847,1820
"092 Debs Terrace",1848,1821
"8 Maryland Hill",1849,1822
"06 Kedzie Pass",1850,1823
"308 Carey Lane",1851,1824
"7 Barby Avenue",1852,1825
"3 Pine View Road",1853,1826
"35620 Manley Terrace",1854,1827
"1745 Sauthoff Circle",1855,1828
"74 Fieldstone Alley",1856,1829
"22295 Twin Pines Plaza",1857,1830
"45 Hanover Circle",1858,1831
"4 Hagan Junction",1859,1832
"079 Algoma Way",1860,1833
"34 Sullivan Circle",1861,1834
"78 Marquette Lane",1862,1835
"13 Ridge Oak Alley",1863,1836
"8 Forster Pass",1864,1837
"295 Sloan Center",1865,1838
"5497 Messerschmidt Center",1866,1839
"469 Nevada Road",1867,1840
"6227 Ronald Regan Avenue",1868,1841
"5 Armistice Road",1869,1842
"48787 Fisk Point",1870,1843
"1 Hayes Hill",1871,1844
"57 Oak Valley Place",1872,1845
"8 Norway Maple Terrace",1873,1846
"75916 Holmberg Pass",1874,1847
"72 Badeau Point",1875,1848
"785 Fisk Court",1876,1849
"7 Center Parkway",1877,1850
"270 Mayfield Point",1878,1851
"733 Judy Park",1879,1852
"26156 Crescent Oaks Junction",1880,1853
"6 Colorado Lane",1881,1854
"367 Dennis Parkway",1882,1855
"41 Pawling Hill",1883,1856
"95626 Service Trail",1884,1857
"42713 Chinook Pass",1885,1858
"5 Oriole Street",1886,1859
"6392 Oriole Court",1887,1860
"00571 Monica Street",1888,1861
"5357 South Road",1889,1862
"57 Bowman Road",1890,1863
"359 Truax Avenue",1891,1864
"93 Hovde Terrace",1892,1865
"4952 Marcy Place",1893,1866
"2 Hooker Park",1894,1867
"42 Calypso Alley",1895,1868
"927 Glacier Hill Crossing",1896,1869
"56028 Sycamore Crossing",1897,1870
"4 Milwaukee Court",1898,1871
"18 Nancy Point",1899,1872
"58162 Mesta Alley",1900,1873
"43 Onsgard Plaza",1901,1874
"33827 Rusk Plaza",1902,1875
"9 Caliangt Terrace",1903,1876
"288 Pepper Wood Hill",1904,1877
"61842 New Castle Trail",1905,1878
"9112 Anhalt Plaza",1906,1879
"890 La Follette Center",1907,1880
"7879 Southridge Alley",1908,1881
"1859 Sheridan Hill",1909,1882
"0072 Judy Pass",1910,1883
"48801 Blaine Point",1911,1884
"6 Eggendart Court",1912,1885
"7704 Nevada Junction",1913,1886
"52239 Lerdahl Center",1914,1887
"79 Portage Plaza",1915,1888
"1826 Algoma Alley",1916,1889
"1 Armistice Avenue",1917,1890
"8 Nevada Avenue",1918,1891
"93 Monica Junction",1919,1892
"9 Becker Plaza",1920,1893
"10722 Bartillon Lane",1921,1894
"20 Badeau Terrace",1922,1895
"6 Ridgeway Point",1923,1896
"19 Goodland Street",1924,1897
"7 Lakewood Parkway",1925,1898
"89008 Eagle Crest Hill",1926,1899
"45250 Garrison Pass",1927,1900
"73266 Kedzie Alley",1928,1901
"75 Golden Leaf Plaza",1929,1902
"72 Gerald Court",1930,1903
"177 Elgar Road",1931,1904
"15351 Schurz Center",1932,1905
"5701 Arrowood Street",1933,1906
"09 Anthes Park",1934,1907
"0 Hazelcrest Lane",1935,1908
"5796 Oneill Road",1936,1909
"5 School Court",1937,1910
"2156 Buhler Place",1938,1911
"8541 Transport Drive",1939,1912
"098 Golf Course Center",1940,1913
"0244 Waubesa Trail",1941,1914
"3754 Ridgeway Junction",1942,1915
"155 Thompson Park",1943,1916
"010 Anderson Avenue",1944,1917
"234 Merrick Center",1945,1918
"98 Vera Avenue",1946,1919
"2464 Butterfield Way",1947,1920
"5 Canary Court",1948,1921
"3663 Anhalt Hill",1949,1922
"0907 Donald Park",1950,1923
"37 Summerview Plaza",1951,1924
"53 Sage Center",1952,1925
"9989 Glendale Crossing",1953,1926
"26 Emmet Lane",1954,1927
"94069 Sheridan Pass",1955,1928
"1 Oneill Alley",1956,1929
"960 Lillian Parkway",1957,1930
"155 Sloan Road",1958,1931
"3534 South Pass",1959,1932
"4959 Gale Hill",1960,1933
"4 Clyde Gallagher Crossing",1961,1934
"93165 Farwell Way",1962,1935
"90794 Mayfield Way",1963,1936
"7 Clyde Gallagher Pass",1964,1937
"966 Upham Lane",1965,1938
"8696 Westport Way",1966,1939
"8351 Helena Place",1967,1940
"0 Marquette Hill",1968,1941
"06 Dennis Hill",1969,1942
"3 Dixon Way",1970,1943
"03 Ludington Trail",1971,1944
"1 Hazelcrest Point",1972,1945
"5 Redwing Park",1973,1946
"8 Bluestem Terrace",1974,1947
"8393 Mayer Drive",1975,1948
"62160 Ramsey Drive",1976,1949
"31169 Washington Drive",1977,1950
"917 Dennis Lane",1978,1951
"58987 Northwestern Road",1979,1952
"7 Corben Road",1980,1953
"923 Lakewood Pass",1981,1954
"971 Dawn Street",1982,1955
"518 Gerald Point",1983,1956
"2991 Doe Crossing Drive",1984,1957
"78 Springs Pass",1985,1958
"0 Kropf Junction",1986,1959
"9 Tennessee Junction",1987,1960
"494 Armistice Drive",1988,1961
"9 Bartillon Avenue",1989,1962
"5452 Lindbergh Way",1990,1963
"934 Evergreen Hill",1991,1964
"15 Elka Alley",1992,1965
"2 Forster Alley",1993,1966
"9014 Brickson Park Point",1994,1967
"33 Iowa Crossing",1995,1968
"025 Amoth Street",1996,1969
"76 Hoard Crossing",1997,1970
"88 Corry Pass",1998,1971
"38 Thompson Court",1999,1972
"33560 Elgar Avenue",2000,1973
"412 Waxwing Pass",2001,1974
"4 Maple Wood Terrace",2002,1975
"5 Monument Avenue",2003,1976
"3 Ramsey Point",2004,1977
"0 Vera Plaza",2005,1978
"37 Del Sol Alley",2006,1979
"54679 Tennyson Trail",2007,1980
"85044 Schmedeman Court",2008,1981
"69773 Iowa Hill",2009,1982
"1 Schlimgen Junction",2010,1983
"1 Old Shore Court",2011,1984
"3327 Dawn Junction",2012,1985
"9672 Doe Crossing Hill",2013,1986
"015 Oxford Point",2014,1987
"6688 Eagan Crossing",2015,1988
"5130 Farmco Drive",2016,1989
"5728 Spaight Point",2017,1990
"22 Mayer Street",2018,1991
"8339 Fieldstone Place",2019,1992
"97 Swallow Place",2020,1993
"64 Lerdahl Drive",2021,1994
"55 Gerald Place",2022,1995
"8 Oneill Terrace",2023,1996
"6110 Swallow Circle",2024,1997
"53635 Bluejay Center",2025,1998
"2 Colorado Crossing",2026,1999
"75 Utah Crossing",2027,2000
"1 Mandrake Parkway",2028,2001
"7 Twin Pines Point",2029,2002
"1 Dryden Plaza",2030,2003
"11574 Hoard Court",2031,2004
"6 Mayfield Plaza",2032,2005
"826 Starling Lane",2033,2006
"3 Dennis Place",2034,2007
"7044 Lien Trail",2035,2008
"939 Mccormick Place",2036,2009
"93719 Maple Court",2037,2010
"997 Dennis Road",2038,2011
"00997 Melvin Way",2039,2012
"1304 Bunker Hill Way",2040,2013
"9183 Bay Parkway",2041,2014
"62443 Corscot Avenue",2042,2015
"89 Pawling Crossing",2043,2016
"07940 Cottonwood Street",2044,2017
"67 Superior Circle",2045,2018
"73477 Nevada Way",2046,2019
"599 Bluejay Alley",2047,2020
"6769 Bunting Hill",2048,2021
"8 Bowman Drive",2049,2022
"8 Pond Terrace",2050,2023
"45 Center Pass",2051,2024
"22 Redwing Drive",2052,2025
"0 Lillian Lane",2053,2026
"53999 3rd Drive",2054,2027
"343 Rieder Place",2055,2028
"20 8th Trail",2056,2029
"3461 Packers Junction",2057,2030
"0718 Prairie Rose Plaza",2058,2031
"12 Tennyson Center",2059,2032
"42 Bunting Street",2060,2033
"377 Glendale Way",2061,2034
"6 Buell Lane",2062,2035
"8409 American Ash Lane",2063,2036
"2685 Becker Plaza",2064,2037
"15 Golf Course Parkway",2065,2038
"1928 Troy Point",2066,2039
"35961 Muir Parkway",2067,2040
"85308 Saint Paul Plaza",2068,2041
"6553 Northridge Place",2069,2042
"39877 Knutson Lane",2070,2043
"814 Moland Crossing",2071,2044
"6 Welch Pass",2072,2045
"48093 Orin Circle",2073,2046
"5818 Thompson Point",2074,2047
"9114 Atwood Trail",2075,2048
"6 Arapahoe Point",2076,2049
"62 Del Mar Junction",2077,2050
"63065 Kennedy Parkway",2078,2051
"999 Menomonie Crossing",2079,2052
"4298 Monterey Parkway",2080,2053
"61915 Fair Oaks Place",2081,2054
"5 Menomonie Place",2082,2055
"6 Surrey Road",2083,2056
"05814 Kingsford Lane",2084,2057
"7 Red Cloud Plaza",2085,2058
"9357 Elgar Pass",2086,2059
"870 Magdeline Circle",2087,2060
"1 Bluejay Terrace",2088,2061
"7721 Saint Paul Point",2089,2062
"63 Sauthoff Point",2090,2063
"34 Farwell Junction",2091,2064
"4250 Spohn Drive",2092,2065
"8 Clemons Point",2093,2066
"7 Pankratz Plaza",2094,2067
"8 Doe Crossing Crossing",2095,2068
"416 Iowa Place",2096,2069
"19719 Homewood Plaza",2097,2070
"3709 Commercial Park",2098,2071
"0117 Erie Crossing",2099,2072
"5 Monument Junction",2100,2073
"95545 Graceland Alley",2101,2074
"16 Meadow Ridge Junction",2102,2075
"23456 Tony Lane",2103,2076
"11571 David Circle",2104,2077
"352 Montana Street",2105,2078
"64 Reinke Terrace",2106,2079
"2544 Amoth Road",2107,2080
"2 Calypso Drive",2108,2081
"94 Arrowood Parkway",2109,2082
"7261 Mendota Pass",2110,2083
"904 Green Lane",2111,2084
"13989 Aberg Drive",2112,2085
"1 Huxley Crossing",2113,2086
"5 Weeping Birch Court",2114,2087
"14005 Sutherland Street",2115,2088
"47523 North Terrace",2116,2089
"361 Eagle Crest Hill",2117,2090
"20 Knutson Junction",2118,2091
"4767 Meadow Valley Parkway",2119,2092
"17162 Monterey Pass",2120,2093
"4007 Spenser Point",2121,2094
"83371 North Crossing",2122,2095
"21 Merrick Drive",2123,2096
"5377 Green Ridge Court",2124,2097
"455 Mosinee Drive",2125,2098
"92 Fairview Place",2126,2099
"6 Village Green Point",2127,2100
"58143 Hoard Pass",2128,2101
"43866 Reindahl Pass",2129,2102
"60 Waubesa Crossing",2130,2103
"8 Grim Place",2131,2104
"390 Cambridge Circle",2132,2105
"4 4th Court",2133,2106
"69934 Meadow Ridge Place",2134,2107
"8779 Lighthouse Bay Park",2135,2108
"33892 Mifflin Center",2136,2109
"6 Kropf Street",2137,2110
"8 Norway Maple Parkway",2138,2111
"3 Meadow Valley Street",2139,2112
"45891 Talisman Circle",2140,2113
"15377 Tomscot Terrace",2141,2114
"204 Morning Alley",2142,2115
"2 Nevada Road",2143,2116
"787 Dottie Parkway",2144,2117
"9419 Crownhardt Park",2145,2118
"1 Welch Road",2146,2119
"02 Di Loreto Crossing",2147,2120
"5 Ohio Center",2148,2121
"77300 Texas Way",2149,2122
"2 Mcbride Junction",2150,2123
"695 Hudson Park",2151,2124
"641 Gerald Hill",2152,2125
"4 Quincy Court",2153,2126
"411 Ludington Center",2154,2127
"812 Ronald Regan Parkway",2155,2128
"29 Kedzie Place",2156,2129
"244 Derek Crossing",2157,2130
"2 Vera Parkway",2158,2131
"01134 Kings Avenue",2159,2132
"3 Sullivan Street",2160,2133
"9 Delaware Place",2161,2134
"87094 Sheridan Avenue",2162,2135
"2736 Morrow Pass",2163,2136
"27 Pine View Terrace",2164,2137
"0723 Hintze Crossing",2165,2138
"8222 Nobel Crossing",2166,2139
"825 Sachs Road",2167,2140
"16998 Roth Crossing",2168,2141
"2166 Starling Junction",2169,2142
"5 Mifflin Alley",2170,2143
"980 Ramsey Lane",2171,2144
"5 Birchwood Plaza",2172,2145
"3801 Parkside Alley",2173,2146
"404 Bunker Hill Alley",2174,2147
"8267 Sunnyside Parkway",2175,2148
"99 Forest Junction",2176,2149
"3610 Summit Plaza",2177,2150
"6 Saint Paul Plaza",2178,2151
"745 Amoth Junction",2179,2152
"8 Jay Point",2180,2153
"400 Meadow Vale Drive",2181,2154
"98385 Sutherland Parkway",2182,2155
"8 Brentwood Park",2183,2156
"05 Buhler Way",2184,2157
"2388 Basil Hill",2185,2158
"521 Miller Crossing",2186,2159
"02789 Nevada Hill",2187,2160
"38 Welch Center",2188,2161
"5946 Bultman Terrace",2189,2162
"80519 Mcbride Avenue",2190,2163
"6 Sunnyside Lane",2191,2164
"4 Crownhardt Alley",2192,2165
"649 Northport Road",2193,2166
"0252 Vidon Crossing",2194,2167
"93112 Truax Alley",2195,2168
"07 Springview Junction",2196,2169
"1 Maryland Park",2197,2170
"0272 Truax Street",2198,2171
"97823 Schurz Court",2199,2172
"19 Novick Street",2200,2173
"27330 Caliangt Junction",2201,2174
"1 Mifflin Park",2202,2175
"759 Chive Park",2203,2176
"352 Lakewood Trail",2204,2177
"83 Carpenter Avenue",2205,2178
"89267 Northwestern Hill",2206,2179
"4187 Westerfield Drive",2207,2180
"77726 Caliangt Crossing",2208,2181
"25 Dayton Drive",2209,2182
"08 Dunning Hill",2210,2183
"063 Macpherson Court",2211,2184
"613 Forest Plaza",2212,2185
"22314 Hoepker Terrace",2213,2186
"48301 Katie Pass",2214,2187
"48 Green Road",2215,2188
"1028 Messerschmidt Hill",2216,2189
"667 Blaine Avenue",2217,2190
"20394 Rowland Place",2218,2191
"43 Nobel Court",2219,2192
"06460 Vermont Center",2220,2193
"44014 Sherman Junction",2221,2194
"0372 Dakota Point",2222,2195
"828 Rieder Drive",2223,2196
"60264 Stang Hill",2224,2197
"6408 Mifflin Way",2225,2198
"92 Blaine Circle",2226,2199
"4 Forest Run Drive",2227,2200
"5165 Grayhawk Trail",2228,2201
"9691 Transport Park",2229,2202
"73 Roxbury Junction",2230,2203
"1966 Portage Park",2231,2204
"754 Debs Terrace",2232,2205
"17537 Burrows Circle",2233,2206
"29 7th Crossing",2234,2207
"587 Thompson Terrace",2235,2208
"79 Mariners Cove Place",2236,2209
"99 Spohn Lane",2237,2210
"085 Anhalt Trail",2238,2211
"52 Banding Terrace",2239,2212
"7 Pond Plaza",2240,2213
"75 Little Fleur Place",2241,2214
"8 Roxbury Center",2242,2215
"5 Independence Court",2243,2216
"5 Fallview Avenue",2244,2217
"7276 American Ash Center",2245,2218
"003 Pond Pass",2246,2219
"7953 Clarendon Plaza",2247,2220
"5 Straubel Street",2248,2221
"9 Rieder Junction",2249,2222
"07873 Pine View Crossing",2250,2223
"84414 Melrose Park",2251,2224
"235 Prairie Rose Pass",2252,2225
"27033 Hoffman Point",2253,2226
"879 Swallow Way",2254,2227
"703 Corry Plaza",2255,2228
"3396 Golf Place",2256,2229
"14 Gateway Way",2257,2230
"88863 Basil Alley",2258,2231
"08 Arapahoe Junction",2259,2232
"781 Pierstorff Avenue",2260,2233
"55590 Spohn Junction",2261,2234
"38440 Warrior Avenue",2262,2235
"515 Old Shore Street",2263,2236
"27120 Springview Circle",2264,2237
"6 Lakeland Crossing",2265,2238
"9 Hauk Pass",2266,2239
"64 La Follette Hill",2267,2240
"10013 Hoepker Terrace",2268,2241
"88184 Florence Hill",2269,2242
"65 Springview Pass",2270,2243
"478 Crownhardt Place",2271,2244
"58411 Kropf Avenue",2272,2245
"35 Fairfield Hill",2273,2246
"24 Toban Hill",2274,2247
"1 Daystar Hill",2275,2248
"96 Talisman Avenue",2276,2249
"1042 Calypso Way",2277,2250
"4472 Claremont Parkway",2278,2251
"26895 Golf View Park",2279,2252
"8 Fuller Court",2280,2253
"6 Melrose Alley",2281,2254
"10 Rockefeller Hill",2282,2255
"31944 Talisman Avenue",2283,2256
"8 Thompson Alley",2284,2257
"42672 Hallows Court",2285,2258
"59022 Almo Crossing",2286,2259
"815 Twin Pines Center",2287,2260
"134 Mendota Center",2288,2261
"10724 Ridgeview Park",2289,2262
"74351 Oak Center",2290,2263
"2836 Cherokee Street",2291,2264
"213 Merrick Trail",2292,2265
"1596 Park Meadow Junction",2293,2266
"6 Fairview Terrace",2294,2267
"6 Heffernan Parkway",2295,2268
"74662 Iowa Avenue",2296,2269
"240 Butternut Drive",2297,2270
"4404 Manufacturers Road",2298,2271
"35 Meadow Ridge Way",2299,2272
"390 Esker Road",2300,2273
"49320 Norway Maple Park",2301,2274
"2701 Lakeland Trail",2302,2275
"062 Elka Trail",2303,2276
"2971 Sage Drive",2304,2277
"73289 Clarendon Road",2305,2278
"232 Gale Crossing",2306,2279
"92 Northridge Trail",2307,2280
"646 Southridge Street",2308,2281
"133 Hoffman Street",2309,2282
"56 Westport Street",2310,2283
"924 Charing Cross Terrace",2311,2284
"54 American Ash Drive",2312,2285
"696 Spohn Circle",2313,2286
"2425 Prentice Park",2314,2287
"09 Paget Parkway",2315,2288
"71 Crescent Oaks Road",2316,2289
"53 Veith Hill",2317,2290
"22 Gale Trail",2318,2291
"30590 Barby Avenue",2319,2292
"135 Kennedy Place",2320,2293
"2 Coolidge Avenue",2321,2294
"99 Eagan Crossing",2322,2295
"2 Atwood Terrace",2323,2296
"20776 Pleasure Alley",2324,2297
"76 Scoville Parkway",2325,2298
"785 Wayridge Terrace",2326,2299
"5 Dexter Pass",2327,2300
"79 Toban Road",2328,2301
"5 Montana Court",2329,2302
"3 Rusk Alley",2330,2303
"4821 Buena Vista Crossing",2331,2304
"60 Vermont Crossing",2332,2305
"67 Annamark Place",2333,2306
"77933 Pine View Hill",2334,2307
"81 Caliangt Crossing",2335,2308
"2 Meadow Ridge Circle",2336,2309
"5 Gulseth Avenue",2337,2310
"744 Troy Parkway",2338,2311
"27 Mitchell Drive",2339,2312
"21 Colorado Parkway",2340,2313
"24633 Northview Place",2341,2314
"4389 Anhalt Street",2342,2315
"4773 Killdeer Way",2343,2316
"85468 Michigan Center",2344,2317
"2 Sugar Parkway",2345,2318
"20 Grover Circle",2346,2319
"262 Petterle Avenue",2347,2320
"863 Shoshone Place",2348,2321
"7 Independence Drive",2349,2322
"29908 Continental Road",2350,2323
"34884 Logan Plaza",2351,2324
"0578 Riverside Parkway",2352,2325
"9162 Pine View Plaza",2353,2326
"72 Hagan Road",2354,2327
"7922 North Alley",2355,2328
"546 Trailsway Trail",2356,2329
"14767 Fair Oaks Center",2357,2330
"13090 Village Pass",2358,2331
"342 Cardinal Terrace",2359,2332
"8512 Rigney Park",2360,2333
"51 Spenser Place",2361,2334
"9 Monica Junction",2362,2335
"553 Merrick Road",2363,2336
"7123 Carey Hill",2364,2337
"7 Warner Park",2365,2338
"51 Derek Court",2366,2339
"0977 Service Terrace",2367,2340
"29 Eastlawn Hill",2368,2341
"35 Corben Park",2369,2342
"50 International Parkway",2370,2343
"2204 Knutson Terrace",2371,2344
"3 Sutteridge Park",2372,2345
"00 Elgar Place",2373,2346
"4528 Graedel Place",2374,2347
"78396 Elmside Parkway",2375,2348
"6 Crescent Oaks Crossing",2376,2349
"55083 Johnson Place",2377,2350
"66 Morrow Junction",2378,2351
"6 Carpenter Pass",2379,2352
"04971 Fair Oaks Alley",2380,2353
"371 Veith Plaza",2381,2354
"77117 Thompson Court",2382,2355
"41445 Gateway Center",2383,2356
"93 Elka Place",2384,2357
"33560 Londonderry Point",2385,2358
"7 Larry Street",2386,2359
"73148 Dwight Park",2387,2360
"4 Buena Vista Point",2388,2361
"5133 Victoria Plaza",2389,2362
"6 Pond Junction",2390,2363
"15984 Charing Cross Way",2391,2364
"75966 Garrison Center",2392,2365
"4 Mayer Lane",2393,2366
"1 Dryden Court",2394,2367
"4 Buena Vista Center",2395,2368
"69 Victoria Way",2396,2369
"1607 Springview Center",2397,2370
"224 Lake View Plaza",2398,2371
"3 Homewood Lane",2399,2372
"90 Arapahoe Terrace",2400,2373
"8 Lillian Hill",2401,2374
"20 Warbler Road",2402,2375
"2 Orin Hill",2403,2376
"277 Lillian Parkway",2404,2377
"2 Surrey Plaza",2405,2378
"9 Mayer Road",2406,2379
"418 Manitowish Road",2407,2380
"12937 Mcbride Hill",2408,2381
"91 Dayton Street",2409,2382
"4778 Elgar Hill",2410,2383
"2 Hoffman Parkway",2411,2384
"046 4th Pass",2412,2385
"0 Straubel Center",2413,2386
"4 La Follette Trail",2414,2387
"1803 Sauthoff Circle",2415,2388
"28847 Pearson Terrace",2416,2389
"30 Gateway Circle",2417,2390
"380 Becker Avenue",2418,2391
"15 Tomscot Pass",2419,2392
"03689 Butternut Avenue",2420,2393
"2 Tomscot Park",2421,2394
"81911 Mayer Road",2422,2395
"41760 American Ash Drive",2423,2396
"728 Sycamore Center",2424,2397
"931 Hauk Drive",2425,2398
"1632 Reindahl Park",2426,2399
"99 Graedel Street",2427,2400
"060 Daystar Court",2428,2401
"152 Scofield Plaza",2429,2402
"4167 Banding Place",2430,2403
"4 Pankratz Lane",2431,2404
"32 East Way",2432,2405
"537 Kingsford Hill",2433,2406
"8845 Sheridan Avenue",2434,2407
"244 Thackeray Pass",2435,2408
"31883 Sunbrook Way",2436,2409
"71 Roxbury Place",2437,2410
"6202 Hudson Circle",2438,2411
"8 Stoughton Junction",2439,2412
"0429 Coolidge Parkway",2440,2413
"8180 Meadow Valley Drive",2441,2414
"44068 Clove Lane",2442,2415
"50803 Eastwood Center",2443,2416
"6 Glacier Hill Alley",2444,2417
"814 Ludington Road",2445,2418
"9 Prentice Pass",2446,2419
"201 Warrior Court",2447,2420
"4551 Blue Bill Park Pass",2448,2421
"310 Corry Parkway",2449,2422
"0960 Northport Place",2450,2423
"70985 Ridgeview Lane",2451,2424
"81086 Arkansas Parkway",2452,2425
"04412 Homewood Park",2453,2426
"780 Kipling Court",2454,2427
"33726 Cambridge Junction",2455,2428
"355 Scott Trail",2456,2429
"25 Marcy Place",2457,2430
"5256 Mayer Alley",2458,2431
"65 Maple Wood Avenue",2459,2432
"38 Lake View Terrace",2460,2433
"8 Graedel Place",2461,2434
"493 Vahlen Terrace",2462,2435
"34 Maple Wood Lane",2463,2436
"325 Charing Cross Court",2464,2437
"903 South Circle",2465,2438
"03 Hayes Court",2466,2439
"9 Pine View Terrace",2467,2440
"281 Oriole Plaza",2468,2441
"9 Armistice Place",2469,2442
"9039 Sundown Junction",2470,2443
"15462 Gateway Park",2471,2444
"867 Dunning Street",2472,2445
"6 Bunting Trail",2473,2446
"10994 Acker Lane",2474,2447
"266 Jenna Place",2475,2448
"80 Artisan Avenue",2476,2449
"384 Golden Leaf Point",2477,2450
"2 Vahlen Alley",2478,2451
"227 Donald Junction",2479,2452
"84333 Northwestern Trail",2480,2453
"677 Farmco Junction",2481,2454
"048 Bunting Point",2482,2455
"45583 Sycamore Circle",2483,2456
"305 Mcbride Junction",2484,2457
"5046 Dunning Trail",2485,2458
"251 Lighthouse Bay Street",2486,2459
"88901 Bunting Lane",2487,2460
"0470 Valley Edge Street",2488,2461
"835 Sunfield Park",2489,2462
"2935 Cascade Way",2490,2463
"69 Bobwhite Crossing",2491,2464
"0 Bay Trail",2492,2465
"3656 Morrow Road",2493,2466
"172 Butterfield Junction",2494,2467
"13 Service Street",2495,2468
"795 Fair Oaks Point",2496,2469
"14444 Armistice Pass",2497,2470
"44 Pepper Wood Junction",2498,2471
"4476 Elgar Road",2499,2472
"0 Cardinal Street",2500,2473
"64 Dovetail Plaza",2501,2474
"63897 Clove Crossing",2502,2475
"457 Cody Crossing",2503,2476
"47 Maple Plaza",2504,2477
"22869 Eastwood Park",2505,2478
"84 Veith Place",2506,2479
"134 Larry Park",2507,2480
"783 Brentwood Plaza",2508,2481
"52 Northfield Place",2509,2482
"912 Eagan Hill",2510,2483
"3 Fieldstone Pass",2511,2484
"7587 Weeping Birch Avenue",2512,2485
"83762 Coolidge Alley",2513,2486
"280 Carpenter Plaza",2514,2487
"029 Golf View Park",2515,2488
"205 Maple Parkway",2516,2489
"02683 Parkside Road",2517,2490
"4 Mifflin Parkway",2518,2491
"08 Golden Leaf Terrace",2519,2492
"2 Mcguire Crossing",2520,2493
"9 Farwell Avenue",2521,2494
"7649 Wayridge Center",2522,2495
"88646 Warrior Trail",2523,2496
"881 Myrtle Crossing",2524,2497
"8 5th Hill",2525,2498
"898 Texas Parkway",2526,2499
"08984 Macpherson Way",2527,2500
"000 Carpenter Street",2528,2501
"542 Merchant Way",2529,2502
"19788 Pearson Place",2530,2503
"29 Derek Court",2531,2504
"3 Nelson Drive",2532,2505
"63392 Truax Terrace",2533,2506
"812 Holmberg Junction",2534,2507
"9 Armistice Place",2535,2508
"8 Amoth Plaza",2536,2509
"2386 Gale Pass",2537,2510
"2866 Michigan Place",2538,2511
"5 Dexter Court",2539,2512
"1 Clarendon Circle",2540,2513
"0448 Becker Avenue",2541,2514
"43 Warrior Parkway",2542,2515
"812 Dahle Point",2543,2516
"0 Reinke Way",2544,2517
"8 Bellgrove Place",2545,2518
"1128 Roth Circle",2546,2519
"339 Susan Street",2547,2520
"6 Homewood Lane",2548,2521
"9739 Maple Park",2549,2522
"9 Warner Parkway",2550,2523
"36 Dexter Parkway",2551,2524
"8 Moose Point",2552,2525
"17699 Lotheville Circle",2553,2526
"39779 Pierstorff Street",2554,2527
"982 Stone Corner Way",2555,2528
"7745 Sunfield Lane",2556,2529
"03 Glendale Way",2557,2530
"81630 Dunning Court",2558,2531
"5127 Veith Point",2559,2532
"0 Jana Park",2560,2533
"70785 Coolidge Drive",2561,2534
"86 Walton Hill",2562,2535
"755 Center Pass",2563,2536
"66586 Charing Cross Crossing",2564,2537
"224 Bashford Circle",2565,2538
"5 Mallory Parkway",2566,2539
"53628 Hanover Lane",2567,2540
"979 Londonderry Center",2568,2541
"83130 Sachtjen Junction",2569,2542
"6652 Hovde Point",2570,2543
"6 Meadow Vale Park",2571,2544
"6 Leroy Plaza",2572,2545
"76 Hudson Street",2573,2546
"0 Manley Pass",2574,2547
"1 Namekagon Terrace",2575,2548
"8492 Harper Court",2576,2549
"6330 Norway Maple Junction",2577,2550
"3 Grim Way",2578,2551
"52211 Karstens Court",2579,2552
"928 Fisk Point",2580,2553
"8619 Spohn Park",2581,2554
"56 Corry Circle",2582,2555
"944 Hintze Road",2583,2556
"185 Cordelia Plaza",2584,2557
"748 Grim Trail",2585,2558
"4468 Eastlawn Center",2586,2559
"07603 Monterey Parkway",2587,2560
"9 Lyons Court",2588,2561
"0399 Claremont Street",2589,2562
"14026 Florence Crossing",2590,2563
"41 Mesta Crossing",2591,2564
"8 Orin Point",2592,2565
"9419 Barby Point",2593,2566
"998 Golf Course Trail",2594,2567
"604 Miller Pass",2595,2568
"826 Lien Center",2596,2569
"14 Northland Road",2597,2570
"57 Elgar Street",2598,2571
"03 Arizona Point",2599,2572
"60 Oakridge Drive",2600,2573
"44 Clove Center",2601,2574
"3066 Melody Park",2602,2575
"7450 Hintze Street",2603,2576
"532 Meadow Valley Center",2604,2577
"3 Green Road",2605,2578
"5250 Annamark Plaza",2606,2579
"8134 Sauthoff Way",2607,2580
"362 Lighthouse Bay Circle",2608,2581
"01 Reindahl Circle",2609,2582
"20928 Annamark Road",2610,2583
"7 Browning Hill",2611,2584
"167 Lerdahl Crossing",2612,2585
"7 Upham Lane",2613,2586
"7487 Ridge Oak Lane",2614,2587
"2 Everett Terrace",2615,2588
"2483 Lerdahl Plaza",2616,2589
"2 Loeprich Hill",2617,2590
"2 Ridge Oak Circle",2618,2591
"45 Lerdahl Pass",2619,2592
"09 Rieder Crossing",2620,2593
"772 Pond Terrace",2621,2594
"58974 Fairfield Terrace",2622,2595
"754 Shoshone Place",2623,2596
"19579 Dottie Alley",2624,2597
"5 Prairieview Lane",2625,2598
"08207 Green Ridge Avenue",2626,2599
"2876 Golden Leaf Crossing",2627,2600
"83 Nancy Terrace",2628,2601
"595 Farwell Center",2629,2602
"82 Twin Pines Avenue",2630,2603
"85 Kropf Road",2631,2604
"4526 Maple Street",2632,2605
"472 Clarendon Way",2633,2606
"86 Farwell Trail",2634,2607
"70 Banding Way",2635,2608
"03904 Green Ridge Drive",2636,2609
"324 Golden Leaf Lane",2637,2610
"1762 Towne Road",2638,2611
"5194 Dayton Junction",2639,2612
"10846 Killdeer Crossing",2640,2613
"3 Victoria Terrace",2641,2614
"219 Sundown Alley",2642,2615
"2106 Old Shore Trail",2643,2616
"5008 Maryland Plaza",2644,2617
"2192 Nova Street",2645,2618
"614 Kropf Center",2646,2619
"636 Ludington Point",2647,2620
"5 Carioca Pass",2648,2621
"1894 Melrose Hill",2649,2622
"25197 Nova Road",2650,2623
"7 Nelson Pass",2651,2624
"760 Lakewood Gardens Junction",2652,2625
"3 Thompson Way",2653,2626
"65 Magdeline Drive",2654,2627
"71 Artisan Terrace",2655,2628
"05 Buena Vista Park",2656,2629
"4146 Melvin Parkway",2657,2630
"5444 Pennsylvania Road",2658,2631
"3052 Valley Edge Street",2659,2632
"37 Red Cloud Parkway",2660,2633
"1051 Memorial Road",2661,2634
"08032 Michigan Junction",2662,2635
"32 Glacier Hill Avenue",2663,2636
"7 Village Terrace",2664,2637
"351 Acker Alley",2665,2638
"50 American Place",2666,2639
"759 Sullivan Terrace",2667,2640
"6332 Washington Trail",2668,2641
"343 Stone Corner Park",2669,2642
"93 Beilfuss Drive",2670,2643
"8 Amoth Place",2671,2644
"16307 Judy Way",2672,2645
"00851 Calypso Street",2673,2646
"936 Thierer Terrace",2674,2647
"907 Longview Circle",2675,2648
"7 Acker Pass",2676,2649
"8998 Prairieview Point",2677,2650
"23 Del Sol Parkway",2678,2651
"93617 3rd Alley",2679,2652
"09 Londonderry Point",2680,2653
"55 Straubel Point",2681,2654
"87 Prairie Rose Trail",2682,2655
"5 Michigan Trail",2683,2656
"760 Randy Crossing",2684,2657
"19 Chive Pass",2685,2658
"1 Swallow Drive",2686,2659
"51980 Susan Circle",2687,2660
"634 Darwin Center",2688,2661
"5321 Huxley Avenue",2689,2662
"50 Meadow Ridge Road",2690,2663
"05581 Kipling Alley",2691,2664
"7538 Towne Drive",2692,2665
"2 Blue Bill Park Point",2693,2666
"904 Doe Crossing Junction",2694,2667
"55802 Nobel Plaza",2695,2668
"29 Lunder Trail",2696,2669
"2 Longview Hill",2697,2670
"95563 Dakota Plaza",2698,2671
"9 Hanover Street",2699,2672
"45896 Northland Pass",2700,2673
"05159 Eliot Court",2701,2674
"4 Barnett Center",2702,2675
"10 Dahle Place",2703,2676
"7578 Mayer Hill",2704,2677
"66 Melvin Junction",2705,2678
"9041 David Street",2706,2679
"34 Comanche Place",2707,2680
"66 Rutledge Avenue",2708,2681
"66 Bashford Way",2709,2682
"8843 West Lane",2710,2683
"29081 Oneill Parkway",2711,2684
"0 Steensland Court",2712,2685
"74119 Mayfield Lane",2713,2686
"45 Hoffman Drive",2714,2687
"96418 Welch Pass",2715,2688
"035 Brentwood Place",2716,2689
"63519 Dahle Center",2717,2690
"8340 Nevada Plaza",2718,2691
"60661 Di Loreto Lane",2719,2692
"40860 Monterey Trail",2720,2693
"56 Blackbird Lane",2721,2694
"637 Clyde Gallagher Crossing",2722,2695
"9207 3rd Plaza",2723,2696
"5 Burning Wood Court",2724,2697
"8070 Sommers Park",2725,2698
"7883 Stang Crossing",2726,2699
"14 Monterey Way",2727,2700
"32 Corry Point",2728,2701
"8 Delaware Avenue",2729,2702
"044 Parkside Plaza",2730,2703
"87027 7th Street",2731,2704
"01382 Summerview Junction",2732,2705
"05049 Holmberg Lane",2733,2706
"27 Becker Crossing",2734,2707
"9 Debs Avenue",2735,2708
"28028 Esker Road",2736,2709
"28 Corry Road",2737,2710
"484 Surrey Street",2738,2711
"791 Kensington Center",2739,2712
"8 Eliot Circle",2740,2713
"60 Swallow Alley",2741,2714
"3 Sunnyside Center",2742,2715
"46 Schiller Pass",2743,2716
"23 Merry Street",2744,2717
"08076 Cherokee Crossing",2745,2718
"154 Loftsgordon Pass",2746,2719
"83462 Raven Hill",2747,2720
"57400 Crescent Oaks Court",2748,2721
"40 Hanson Road",2749,2722
"2 Weeping Birch Trail",2750,2723
"2443 Trailsway Street",2751,2724
"575 Commercial Trail",2752,2725
"48 Bultman Point",2753,2726
"160 Dakota Crossing",2754,2727
"93 Coolidge Way",2755,2728
"53 Debra Pass",2756,2729
"4 Londonderry Parkway",2757,2730
"483 Sunbrook Center",2758,2731
"04686 Southridge Hill",2759,2732
"8020 Morrow Terrace",2760,2733
"5 Mandrake Terrace",2761,2734
"45 Michigan Pass",2762,2735
"21333 Manitowish Trail",2763,2736
"2 Kings Plaza",2764,2737
"12 Vera Terrace",2765,2738
"58412 Mandrake Street",2766,2739
"5 Holmberg Parkway",2767,2740
"93266 Gina Road",2768,2741
"68 Glendale Court",2769,2742
"68211 Mcbride Street",2770,2743
"67 International Pass",2771,2744
"8 Dryden Parkway",2772,2745
"5 Russell Court",2773,2746
"6 Montana Lane",2774,2747
"6003 Burrows Court",2775,2748
"178 Cottonwood Parkway",2776,2749
"3696 Hoffman Way",2777,2750
"7 Golf Pass",2778,2751
"11 Namekagon Drive",2779,2752
"2 Michigan Park",2780,2753
"15 Farragut Road",2781,2754
"787 Bultman Court",2782,2755
"534 Myrtle Circle",2783,2756
"937 Grover Hill",2784,2757
"7 Jay Crossing",2785,2758
"04 Dryden Circle",2786,2759
"48 Service Court",2787,2760
"014 Sugar Way",2788,2761
"8 Dapin Court",2789,2762
"68807 Fordem Road",2790,2763
"38 Karstens Terrace",2791,2764
"76352 Kropf Alley",2792,2765
"74 Heffernan Park",2793,2766
"51254 Bunting Alley",2794,2767
"089 Gina Way",2795,2768
"97 Sauthoff Pass",2796,2769
"83 Hanover Parkway",2797,2770
"733 Kensington Drive",2798,2771
"93 Golf Hill",2799,2772
"2764 Northwestern Alley",2800,2773
"4 Melrose Point",2801,2774
"985 Ramsey Place",2802,2775
"6598 Del Mar Trail",2803,2776
"3 Moose Place",2804,2777
"5157 Petterle Park",2805,2778
"50376 Barnett Pass",2806,2779
"35 Merry Drive",2807,2780
"389 Golf Circle",2808,2781
"006 Independence Court",2809,2782
"3949 Anniversary Center",2810,2783
"68895 Ryan Pass",2811,2784
"3 Village Center",2812,2785
"6 Sloan Lane",2813,2786
"5 Hermina Alley",2814,2787
"8 Debra Circle",2815,2788
"56 Springs Hill",2816,2789
"2 Jana Hill",2817,2790
"75767 Scoville Terrace",2818,2791
"9 Dennis Trail",2819,2792
"1 Sachtjen Parkway",2820,2793
"7666 Sunfield Plaza",2821,2794
"60 American Ash Court",2822,2795
"683 Del Sol Center",2823,2796
"1536 Lotheville Drive",2824,2797
"35575 Carberry Pass",2825,2798
"0933 Bultman Drive",2826,2799
"9364 Lakewood Park",2827,2800
"34101 Tony Junction",2828,2801
"30 Eggendart Crossing",2829,2802
"8 Maryland Circle",2830,2803
"22 Redwing Center",2831,2804
"33 Monterey Alley",2832,2805
"31549 Burrows Point",2833,2806
"8 Garrison Terrace",2834,2807
"68 Kedzie Crossing",2835,2808
"74 Merrick Way",2836,2809
"7 4th Street",2837,2810
"7334 Vermont Avenue",2838,2811
"41 Lakewood Gardens Street",2839,2812
"08 Surrey Pass",2840,2813
"7818 Lindbergh Court",2841,2814
"5 Nancy Court",2842,2815
"2 Meadow Valley Trail",2843,2816
"946 Loftsgordon Way",2844,2817
"85 Kingsford Street",2845,2818
"03301 Ilene Parkway",2846,2819
"61998 Bowman Park",2847,2820
"1 Novick Trail",2848,2821
"64696 Jay Hill",2849,2822
"67187 Transport Circle",2850,2823
"54 Bultman Parkway",2851,2824
"8 Cherokee Pass",2852,2825
"81222 Pleasure Parkway",2853,2826
"873 Fair Oaks Terrace",2854,2827
"83 Porter Parkway",2855,2828
"08507 Heffernan Junction",2856,2829
"0 Stone Corner Park",2857,2830
"1771 Mesta Lane",2858,2831
"3 Kropf Terrace",2859,2832
"7388 Kedzie Lane",2860,2833
"5449 Porter Alley",2861,2834
"25 Kedzie Way",2862,2835
"70 Paget Plaza",2863,2836
"587 Morningstar Lane",2864,2837
"306 Chive Lane",2865,2838
"608 Loftsgordon Way",2866,2839
"563 Hintze Crossing",2867,2840
"69282 Hagan Road",2868,2841
"9559 Clove Court",2869,2842
"73024 Haas Plaza",2870,2843
"444 Esch Point",2871,2844
"348 Twin Pines Point",2872,2845
"42 Luster Plaza",2873,2846
"091 Rusk Court",2874,2847
"0 Pankratz Parkway",2875,2848
"395 Lerdahl Avenue",2876,2849
"4 Menomonie Way",2877,2850
"95 Continental Place",2878,2851
"92870 Hauk Street",2879,2852
"7 Birchwood Trail",2880,2853
"93 Roxbury Parkway",2881,2854
"834 7th Crossing",2882,2855
"1 Norway Maple Place",2883,2856
"20647 Bluestem Terrace",2884,2857
"74 Banding Hill",2885,2858
"08 Tomscot Drive",2886,2859
"698 Vermont Lane",2887,2860
"59650 Oxford Crossing",2888,2861
"315 Nobel Crossing",2889,2862
"8 Sunnyside Street",2890,2863
"6890 Muir Crossing",2891,2864
"885 Briar Crest Way",2892,2865
"03 Sommers Circle",2893,2866
"136 Prairie Rose Road",2894,2867
"58 Toban Park",2895,2868
"0 Oxford Junction",2896,2869
"96 Meadow Ridge Street",2897,2870
"83 Heffernan Parkway",2898,2871
"3056 Warner Circle",2899,2872
"18 Novick Junction",2900,2873
"3 6th Junction",2901,2874
"50 Oakridge Trail",2902,2875
"78 Loftsgordon Road",2903,2876
"0 Anzinger Avenue",2904,2877
"1782 Oriole Street",2905,2878
"93120 Washington Street",2906,2879
"122 Killdeer Point",2907,2880
"2280 Thackeray Road",2908,2881
"92 Darwin Hill",2909,2882
"7 Buena Vista Trail",2910,2883
"24341 Anniversary Drive",2911,2884
"25 Welch Road",2912,2885
"27351 Everett Avenue",2913,2886
"444 Alpine Crossing",2914,2887
"35 Pine View Way",2915,2888
"678 Eastlawn Alley",2916,2889
"247 Buena Vista Pass",2917,2890
"88576 South Junction",2918,2891
"5150 Butterfield Avenue",2919,2892
"9176 Eastlawn Pass",2920,2893
"676 Milwaukee Park",2921,2894
"61328 Muir Place",2922,2895
"8 Sunbrook Place",2923,2896
"95679 Donald Way",2924,2897
"06281 Dottie Center",2925,2898
"5 Forest Dale Parkway",2926,2899
"0984 Schlimgen Terrace",2927,2900
"84538 Milwaukee Way",2928,2901
"64 Banding Alley",2929,2902
"425 Darwin Park",2930,2903
"3591 Washington Alley",2931,2904
"2 Grasskamp Park",2932,2905
"77 Hovde Avenue",2933,2906
"51 Arizona Trail",2934,2907
"855 Orin Trail",2935,2908
"8 Spenser Pass",2936,2909
"02 Sutherland Terrace",2937,2910
"4 Rigney Circle",2938,2911
"59 Paget Point",2939,2912
"4 Sundown Hill",2940,2913
"370 Westport Park",2941,2914
"17633 Longview Alley",2942,2915
"651 Division Center",2943,2916
"43280 Stuart Street",2944,2917
"96 Shasta Pass",2945,2918
"1806 Fairview Crossing",2946,2919
"3 Michigan Place",2947,2920
"5 Lerdahl Terrace",2948,2921
"2980 Green Ridge Parkway",2949,2922
"88905 Lunder Hill",2950,2923
"60 Weeping Birch Hill",2951,2924
"69 Dawn Parkway",2952,2925
"0373 Grayhawk Drive",2953,2926
"7145 Bultman Terrace",2954,2927
"0 Graedel Road",2955,2928
"2 Glacier Hill Way",2956,2929
"4 Birchwood Lane",2957,2930
"63189 Packers Way",2958,2931
"1 Shoshone Circle",2959,2932
"4 Drewry Drive",2960,2933
"31859 Sauthoff Parkway",2961,2934
"91784 Cambridge Road",2962,2935
"4028 Service Alley",2963,2936
"8191 Trailsway Drive",2964,2937
"9 Ruskin Drive",2965,2938
"16711 Grayhawk Hill",2966,2939
"9 Homewood Junction",2967,2940
"49536 Eliot Court",2968,2941
"367 Oak Valley Court",2969,2942
"857 Mifflin Pass",2970,2943
"16209 Armistice Terrace",2971,2944
"7 Maywood Pass",2972,2945
"85940 Express Trail",2973,2946
"18660 Oriole Alley",2974,2947
"180 Prairieview Avenue",2975,2948
"885 Old Gate Place",2976,2949
"38825 Barnett Drive",2977,2950
"82 Service Pass",2978,2951
"60636 Mendota Drive",2979,2952
"8 John Wall Court",2980,2953
"546 Dayton Center",2981,2954
"4136 Maple Circle",2982,2955
"42827 Starling Junction",2983,2956
"789 Sloan Terrace",2984,2957
"35647 Aberg Crossing",2985,2958
"742 Ridge Oak Point",2986,2959
"953 Twin Pines Plaza",2987,2960
"274 Old Shore Pass",2988,2961
"218 Arkansas Hill",2989,2962
"20135 Kensington Plaza",2990,2963
"37837 Oriole Place",2991,2964
"8 Pleasure Road",2992,2965
"64028 Blue Bill Park Center",2993,2966
"9784 Eagan Point",2994,2967
"3 5th Avenue",2995,2968
"84268 6th Street",2996,2969
"44 Jenifer Plaza",2997,2970
"1811 Veith Lane",2998,2971
"42679 Pierstorff Pass",2999,2972
"67369 Londonderry Trail",3000,2973
"10 Beilfuss Terrace",3001,2974
"88 Almo Road",3002,2975
"052 Algoma Point",3003,2976
"24 Morning Junction",3004,2977
"478 Butterfield Circle",3005,2978
"0 Golf Junction",3006,2979
"82 Amoth Court",3007,2980
"92 Declaration Trail",3008,2981
"048 Russell Alley",3009,2982
"7 Gale Pass",3010,2983
"8 Quincy Junction",3011,2984
